model_name,dataset_path,dataset_config,horizon,num_windows,initial_cutoff,window_step_size,min_context_length,max_context_length,seasonality,eval_metric,extra_metrics,quantile_levels,id_column,timestamp_column,target,generate_univariate_targets_from,known_dynamic_columns,past_dynamic_columns,static_columns,task_name,test_error,training_time_s,inference_time_s,num_forecasts,dataset_fingerprint,trained_on_this_dataset,fev_version,SQL,MASE,WAPE,WQL,model_config
hd10_s0_10k,autogluon/fev_datasets,proenfo_gfc12,168,10,-1680,168,1,,24,SQL,"['MASE', {'name': 'WAPE', 'epsilon': 1.0}, {'name': 'WQL', 'epsilon': 1.0}]","[0.1, 0.2, 0.3, 0.4, 0.5, 0.6, 0.7, 0.8, 0.9]",id,timestamp,target,,['airtemperature'],[],[],proenfo_gfc12,0.8837210362229648,,2.6426744686905295,110,7c9ee0786e7de9fc,False,0.7.0,0.8837210362229648,1.071676820745475,0.08831184720712834,0.07252073883548471,"{'context_length': 4000, 'batch_size': 512, 'device': 'cuda', 'seed': 123}"
hd10_s0_10k,autogluon/fev_datasets,proenfo_gfc14,168,20,-3360,168,1,,24,SQL,"['MASE', {'name': 'WAPE', 'epsilon': 1.0}, {'name': 'WQL', 'epsilon': 1.0}]","[0.1, 0.2, 0.3, 0.4, 0.5, 0.6, 0.7, 0.8, 0.9]",id,timestamp,target,,['airtemperature'],[],[],proenfo_gfc14,0.7246167713099438,,0.5928912600502372,20,eb4b54a1ec3114bf,False,0.7.0,0.7246167713099438,0.9171416080313051,0.044844580358941045,0.03540347480166147,"{'context_length': 4000, 'batch_size': 512, 'device': 'cuda', 'seed': 123}"
hd10_s0_10k,autogluon/fev_datasets,proenfo_gfc17,168,20,-3360,168,1,,24,SQL,"['MASE', {'name': 'WAPE', 'epsilon': 1.0}, {'name': 'WQL', 'epsilon': 1.0}]","[0.1, 0.2, 0.3, 0.4, 0.5, 0.6, 0.7, 0.8, 0.9]",id,timestamp,target,,['airtemperature'],[],[],proenfo_gfc17,0.845897701431009,,1.4274422298185527,160,2c63b48ca8f6dd9a,False,0.7.0,0.845897701431009,1.0608946656781901,0.07011488961742923,0.055753799368794675,"{'context_length': 4000, 'batch_size': 512, 'device': 'cuda', 'seed': 123}"
hd10_s0_10k,autogluon/fev_datasets,rohlik_sales_1D,14,1,2023-12-15T00:00:00,14,14,,7,SQL,"['MASE', {'name': 'WAPE', 'epsilon': 1.0}, {'name': 'WQL', 'epsilon': 1.0}]","[0.1, 0.2, 0.3, 0.4, 0.5, 0.6, 0.7, 0.8, 0.9]",id,timestamp,sales,,"['holiday', 'school_holidays', 'sell_price_main', 'shops_closed', 'total_orders', 'type_0_discount', 'type_1_discount', 'type_2_discount', 'type_3_discount', 'type_4_discount', 'type_5_discount', 'type_6_discount', 'winter_school_holidays']",['availability'],"['L1_category_name_en', 'L2_category_name_en', 'L3_category_name_en', 'L4_category_name_en', 'name', 'product_unique_id', 'warehouse']",rohlik_sales_1D,1.1958539111192132,,5.991026615956798,4116,342144c38d5dc10c,False,0.7.0,1.1958539111192132,1.432706565270471,0.38950085400432705,0.3255823236242025,"{'context_length': 4000, 'batch_size': 512, 'device': 'cuda', 'seed': 123}"
hd10_s0_10k,autogluon/fev_datasets,rohlik_orders_1D,61,5,2023-05-01T00:00:00,61,1,,7,SQL,"['MASE', {'name': 'WAPE', 'epsilon': 1.0}, {'name': 'WQL', 'epsilon': 1.0}]","[0.1, 0.2, 0.3, 0.4, 0.5, 0.6, 0.7, 0.8, 0.9]",id,timestamp,orders,,"['holiday', 'school_holidays', 'shops_closed', 'winter_school_holidays']","['blackout', 'frankfurt_shutdown', 'mini_shutdown', 'mov_change', 'precipitation', 'shutdown', 'snow', 'user_activity_1', 'user_activity_2']",[],rohlik_orders_1D,1.2309145471366683,,0.094481609063223,35,1774b84125cff789,False,0.7.0,1.2309145471366683,1.521063805716762,0.07014258395596175,0.05670227249685146,"{'context_length': 4000, 'batch_size': 512, 'device': 'cuda', 'seed': 123}"
hd10_s0_10k,autogluon/fev_datasets,rohlik_sales_1W,8,1,2023-12-15T00:00:00,8,8,,1,SQL,"['MASE', {'name': 'WAPE', 'epsilon': 1.0}, {'name': 'WQL', 'epsilon': 1.0}]","[0.1, 0.2, 0.3, 0.4, 0.5, 0.6, 0.7, 0.8, 0.9]",id,timestamp,sales,,"['holiday', 'school_holidays', 'sell_price_main', 'shops_closed', 'total_orders', 'type_0_discount', 'type_1_discount', 'type_2_discount', 'type_3_discount', 'type_4_discount', 'type_5_discount', 'type_6_discount', 'winter_school_holidays']",['availability'],"['L1_category_name_en', 'L2_category_name_en', 'L3_category_name_en', 'L4_category_name_en', 'name', 'product_unique_id', 'warehouse']",rohlik_sales_1W,1.5289461180761785,,4.472327279858291,3942,3f764be9de4e34fe,False,0.7.0,1.5289461180761785,1.8379226621989475,0.2895411273581277,0.23864921094179586,"{'context_length': 4000, 'batch_size': 512, 'device': 'cuda', 'seed': 123}"
hd10_s0_10k,autogluon/fev_datasets,rohlik_orders_1W,8,5,2023-05-01T00:00:00,8,1,,1,SQL,"['MASE', {'name': 'WAPE', 'epsilon': 1.0}, {'name': 'WQL', 'epsilon': 1.0}]","[0.1, 0.2, 0.3, 0.4, 0.5, 0.6, 0.7, 0.8, 0.9]",id,timestamp,orders,,"['holiday', 'school_holidays', 'shops_closed', 'winter_school_holidays']","['blackout', 'frankfurt_shutdown', 'mini_shutdown', 'mov_change', 'precipitation', 'shutdown', 'snow', 'user_activity_1', 'user_activity_2']",[],rohlik_orders_1W,1.4019246166445927,,0.09207988600246608,35,bbb0372c6d5883ab,False,0.7.0,1.4019246166445927,1.751100553065477,0.05791679386269052,0.04628049413766684,"{'context_length': 4000, 'batch_size': 512, 'device': 'cuda', 'seed': 123}"
hd10_s0_10k,autogluon/fev_datasets,entsoe_15T,96,20,-1920,96,1,,96,SQL,"['MASE', {'name': 'WAPE', 'epsilon': 1.0}, {'name': 'WQL', 'epsilon': 1.0}]","[0.1, 0.2, 0.3, 0.4, 0.5, 0.6, 0.7, 0.8, 0.9]",id,timestamp,target,,"['radiation_diffuse_horizontal', 'radiation_direct_horizontal', 'temperature']",[],[],entsoe_15T,0.7103755807285068,,1.4252865330781788,120,4e80c208c8b54e76,False,0.7.0,0.7103755807285068,0.8805488838065003,0.06401645186493152,0.05103068746335706,"{'context_length': 4000, 'batch_size': 512, 'device': 'cuda', 'seed': 123}"
hd10_s0_10k,autogluon/fev_datasets,entsoe_30T,96,20,-1920,96,1,,48,SQL,"['MASE', {'name': 'WAPE', 'epsilon': 1.0}, {'name': 'WQL', 'epsilon': 1.0}]","[0.1, 0.2, 0.3, 0.4, 0.5, 0.6, 0.7, 0.8, 0.9]",id,timestamp,target,,"['radiation_diffuse_horizontal', 'radiation_direct_horizontal', 'temperature']",[],[],entsoe_30T,0.5502511071584333,,1.086048141354695,120,7a3623a47fa39853,False,0.7.0,0.5502511071584333,0.6684054475103254,0.046040063959549106,0.03841571111302809,"{'context_length': 4000, 'batch_size': 512, 'device': 'cuda', 'seed': 123}"
hd10_s0_10k,autogluon/fev_datasets,entsoe_1H,168,20,-3360,168,1,,24,SQL,"['MASE', {'name': 'WAPE', 'epsilon': 1.0}, {'name': 'WQL', 'epsilon': 1.0}]","[0.1, 0.2, 0.3, 0.4, 0.5, 0.6, 0.7, 0.8, 0.9]",id,timestamp,target,,"['radiation_diffuse_horizontal', 'radiation_direct_horizontal', 'temperature']",[],[],entsoe_1H,0.4793386819325153,,1.3212203157600015,120,a900217b9207dc1a,False,0.7.0,0.4793386819325153,0.5913664561801856,0.03692604402957015,0.02999882369107363,"{'context_length': 4000, 'batch_size': 512, 'device': 'cuda', 'seed': 123}"
hd10_s0_10k,autogluon/fev_datasets,epf_be,24,20,-480,24,1,,24,SQL,"['MASE', {'name': 'WAPE', 'epsilon': 1.0}, {'name': 'WQL', 'epsilon': 1.0}]","[0.1, 0.2, 0.3, 0.4, 0.5, 0.6, 0.7, 0.8, 0.9]",id,timestamp,target,,"['Generation forecast', 'System load forecast']",[],[],epf_be,0.5415542111748597,,0.24171019229106605,20,fef9300bbbbc0b06,False,0.7.0,0.5415542111748597,0.6978984576429962,0.1260543757035853,0.0980653007671061,"{'context_length': 4000, 'batch_size': 512, 'device': 'cuda', 'seed': 123}"
hd10_s0_10k,autogluon/fev_datasets,epf_de,24,20,-480,24,1,,24,SQL,"['MASE', {'name': 'WAPE', 'epsilon': 1.0}, {'name': 'WQL', 'epsilon': 1.0}]","[0.1, 0.2, 0.3, 0.4, 0.5, 0.6, 0.7, 0.8, 0.9]",id,timestamp,target,,"['Ampirion Load Forecast', 'PV+Wind Forecast']",[],[],epf_de,0.949772698800628,,0.2490730199497193,20,b0b822e47c7608d3,False,0.7.0,0.949772698800628,1.1684524937843888,0.5380873894518088,0.4438501874183479,"{'context_length': 4000, 'batch_size': 512, 'device': 'cuda', 'seed': 123}"
hd10_s0_10k,autogluon/fev_datasets,epf_fr,24,20,-480,24,1,,24,SQL,"['MASE', {'name': 'WAPE', 'epsilon': 1.0}, {'name': 'WQL', 'epsilon': 1.0}]","[0.1, 0.2, 0.3, 0.4, 0.5, 0.6, 0.7, 0.8, 0.9]",id,timestamp,target,,"['Generation forecast', 'System load forecast']",[],[],epf_fr,0.4404018754498889,,0.2409117533825338,20,8f5f11f4c654e31f,False,0.7.0,0.4404018754498889,0.5469336937399925,0.08600453249588279,0.06914572811078559,"{'context_length': 4000, 'batch_size': 512, 'device': 'cuda', 'seed': 123}"
hd10_s0_10k,autogluon/fev_datasets,epf_np,24,20,-480,24,1,,24,SQL,"['MASE', {'name': 'WAPE', 'epsilon': 1.0}, {'name': 'WQL', 'epsilon': 1.0}]","[0.1, 0.2, 0.3, 0.4, 0.5, 0.6, 0.7, 0.8, 0.9]",id,timestamp,target,,"['Grid load forecast', 'Wind power forecast']",[],[],epf_np,0.9883937748142578,,0.2432005919981748,20,269b47960e0cd2ad,False,0.7.0,0.9883937748142578,1.231258225271698,0.05566145738230484,0.0447141771640097,"{'context_length': 4000, 'batch_size': 512, 'device': 'cuda', 'seed': 123}"
hd10_s0_10k,autogluon/fev_datasets,epf_pjm,24,20,-480,24,1,,24,SQL,"['MASE', {'name': 'WAPE', 'epsilon': 1.0}, {'name': 'WQL', 'epsilon': 1.0}]","[0.1, 0.2, 0.3, 0.4, 0.5, 0.6, 0.7, 0.8, 0.9]",id,timestamp,target,,"['System load forecast', 'Zonal COMED load foecast']",[],[],epf_pjm,0.3955619584692668,,0.24918692442588508,20,7087b94a370e1baa,False,0.7.0,0.3955619584692668,0.4914608918387418,0.0878948628376985,0.07086018901788645,"{'context_length': 4000, 'batch_size': 512, 'device': 'cuda', 'seed': 123}"
hd10_s0_10k,autogluon/fev_datasets,rossmann_1D,48,10,-480,48,1,,7,SQL,"['MASE', {'name': 'WAPE', 'epsilon': 1.0}, {'name': 'WQL', 'epsilon': 1.0}]","[0.1, 0.2, 0.3, 0.4, 0.5, 0.6, 0.7, 0.8, 0.9]",id,timestamp,Sales,,"['DayOfWeek', 'Open', 'Promo', 'SchoolHoliday', 'StateHoliday']",['Customers'],"['Assortment', 'CompetitionDistance', 'CompetitionOpenSinceMonth', 'CompetitionOpenSinceYear', 'Promo2', 'Promo2SinceWeek', 'Promo2SinceYear', 'PromoInterval', 'Store', 'StoreType']",rossmann_1D,0.8046464359539028,,14.916721676010638,11150,d499bbd84fee3641,False,0.7.0,0.8046464359539028,1.03112443372131,0.3510385617229784,0.27354906076917374,"{'context_length': 4000, 'batch_size': 512, 'device': 'cuda', 'seed': 123}"
hd10_s0_10k,autogluon/fev_datasets,rossmann_1W,13,8,-104,13,1,,1,SQL,"['MASE', {'name': 'WAPE', 'epsilon': 1.0}, {'name': 'WQL', 'epsilon': 1.0}]","[0.1, 0.2, 0.3, 0.4, 0.5, 0.6, 0.7, 0.8, 0.9]",id,timestamp,Sales,,"['Open', 'Promo', 'SchoolHoliday', 'StateHoliday']",['Customers'],"['Assortment', 'CompetitionDistance', 'CompetitionOpenSinceMonth', 'CompetitionOpenSinceYear', 'Promo2', 'Promo2SinceWeek', 'Promo2SinceYear', 'PromoInterval', 'Store', 'StoreType']",rossmann_1W,0.5056816213699384,,10.08816729253158,8920,8fdc1f957d1b917b,False,0.7.0,0.5056816213699384,0.6745913522613434,0.1834652347864229,0.1360420419873868,"{'context_length': 4000, 'batch_size': 512, 'device': 'cuda', 'seed': 123}"
hd10_s0_10k,autogluon/fev_datasets,restaurant,28,8,-224,28,1,,7,SQL,"['MASE', {'name': 'WAPE', 'epsilon': 1.0}, {'name': 'WQL', 'epsilon': 1.0}]","[0.1, 0.2, 0.3, 0.4, 0.5, 0.6, 0.7, 0.8, 0.9]",id,timestamp,target,,[],[],"['air_area_name', 'air_genre_name', 'latitude', 'longitude']",restaurant,0.6932138930108014,,4.3010301401373,6502,cc84996f184fc2f6,False,0.7.0,0.6932138930108014,0.8680063491750696,0.36475346757961674,0.28678613019264676,"{'context_length': 4000, 'batch_size': 512, 'device': 'cuda', 'seed': 123}"
hd10_s0_10k,autogluon/fev_datasets,hermes,52,1,-52,52,1,,1,SQL,"['MASE', {'name': 'WAPE', 'epsilon': 1.0}, {'name': 'WQL', 'epsilon': 1.0}]","[0.1, 0.2, 0.3, 0.4, 0.5, 0.6, 0.7, 0.8, 0.9]",id,timestamp,target,,['external'],[],"['category', 'country']",hermes,0.8400531314098171,,9.041230738162994,10000,a87e95d489203bfb,False,0.7.0,0.8400531314098171,1.0554736287372608,0.0041158967376842895,0.003272908428510331,"{'context_length': 4000, 'batch_size': 512, 'device': 'cuda', 'seed': 123}"
hd10_s0_10k,autogluon/fev_datasets,walmart,39,1,-39,39,1,,1,SQL,"['MASE', {'name': 'WAPE', 'epsilon': 1.0}, {'name': 'WQL', 'epsilon': 1.0}]","[0.1, 0.2, 0.3, 0.4, 0.5, 0.6, 0.7, 0.8, 0.9]",id,timestamp,target,,"['CPI', 'Fuel_Price', 'IsHoliday', 'MarkDown1', 'MarkDown2', 'MarkDown3', 'MarkDown4', 'MarkDown5', 'Temperature', 'Unemployment']",[],"['Dept', 'Size', 'Store', 'Type']",walmart,0.826651026409944,,2.893302900949493,2936,23e8c9575319dc5c,False,0.7.0,0.826651026409944,1.0444786068934113,0.12908900940496737,0.10252077181253522,"{'context_length': 4000, 'batch_size': 512, 'device': 'cuda', 'seed': 123}"
hd10_s0_10k,autogluon/fev_datasets,m5_1D,28,1,-28,28,1,,7,SQL,"['MASE', {'name': 'WAPE', 'epsilon': 1.0}, {'name': 'WQL', 'epsilon': 1.0}]","[0.1, 0.2, 0.3, 0.4, 0.5, 0.6, 0.7, 0.8, 0.9]",id,timestamp,target,,"['event_Cultural', 'event_National', 'event_Religious', 'event_Sporting', 'sell_price', 'snap_CA', 'snap_TX', 'snap_WI']",[],"['cat_id', 'dept_id', 'item_id', 'state_id', 'store_id']",m5_1D,0.7226046992606877,,33.25576223293319,30490,f49c486725c7c3ba,False,0.7.0,0.7226046992606877,0.8829320906819934,0.7038885637133524,0.5536858054878938,"{'context_length': 4000, 'batch_size': 512, 'device': 'cuda', 'seed': 123}"
hd10_s0_10k,autogluon/fev_datasets,m5_1W,13,1,-13,13,1,,1,SQL,"['MASE', {'name': 'WAPE', 'epsilon': 1.0}, {'name': 'WQL', 'epsilon': 1.0}]","[0.1, 0.2, 0.3, 0.4, 0.5, 0.6, 0.7, 0.8, 0.9]",id,timestamp,target,,"['event_Cultural', 'event_National', 'event_Religious', 'event_Sporting', 'sell_price', 'snap_CA', 'snap_TX', 'snap_WI']",[],"['cat_id', 'dept_id', 'item_id', 'state_id', 'store_id']",m5_1W,0.9189578780587692,,27.068318004952744,30490,55256f6cb3fa54e4,False,0.7.0,0.9189578780587692,1.1563235889549008,0.43089430381058164,0.33986873122852074,"{'context_length': 4000, 'batch_size': 512, 'device': 'cuda', 'seed': 123}"
hd10_s0_10k,autogluon/fev_datasets,m5_1M,12,1,-12,12,6,,12,SQL,"['MASE', {'name': 'WAPE', 'epsilon': 1.0}, {'name': 'WQL', 'epsilon': 1.0}]","[0.1, 0.2, 0.3, 0.4, 0.5, 0.6, 0.7, 0.8, 0.9]",id,timestamp,target,,"['event_Cultural', 'event_National', 'event_Religious', 'event_Sporting', 'sell_price', 'snap_CA', 'snap_TX', 'snap_WI']",[],"['cat_id', 'dept_id', 'item_id', 'state_id', 'store_id']",m5_1M,0.9937661010646653,,26.590514573967084,29364,09d1f7a2cc6c252d,False,0.7.0,0.9937661010646653,1.1695507538277707,0.4273527204789199,0.34130636113677204,"{'context_length': 4000, 'batch_size': 512, 'device': 'cuda', 'seed': 123}"
hd10_s0_10k,autogluon/fev_datasets,hierarchical_sales_1D,28,10,-280,28,1,,7,SQL,"['MASE', {'name': 'WAPE', 'epsilon': 1.0}, {'name': 'WQL', 'epsilon': 1.0}]","[0.1, 0.2, 0.3, 0.4, 0.5, 0.6, 0.7, 0.8, 0.9]",id,timestamp,target,,[],[],[],hierarchical_sales_1D,0.5561313910538226,,1.004273974103853,1180,0ecbb4076fd5ba78,False,0.7.0,0.5561313910538226,0.6928546684215633,0.6970354753965052,0.5648865574780972,"{'context_length': 4000, 'batch_size': 512, 'device': 'cuda', 'seed': 123}"
hd10_s0_10k,autogluon/fev_datasets,hierarchical_sales_1W,13,10,-130,13,1,,1,SQL,"['MASE', {'name': 'WAPE', 'epsilon': 1.0}, {'name': 'WQL', 'epsilon': 1.0}]","[0.1, 0.2, 0.3, 0.4, 0.5, 0.6, 0.7, 0.8, 0.9]",id,timestamp,target,,[],[],[],hierarchical_sales_1W,0.6460639402073216,,0.6886469612363726,1180,691bd281f0ad7adc,False,0.7.0,0.6460639402073216,0.7885869301933809,0.44501373870521554,0.37931813276530874,"{'context_length': 4000, 'batch_size': 512, 'device': 'cuda', 'seed': 123}"
hd10_s0_10k,autogluon/fev_datasets,favorita_stores_1D,28,10,-280,28,1,,7,SQL,"['MASE', {'name': 'WAPE', 'epsilon': 1.0}, {'name': 'WQL', 'epsilon': 1.0}]","[0.1, 0.2, 0.3, 0.4, 0.5, 0.6, 0.7, 0.8, 0.9]",id,timestamp,sales,,"['holiday', 'onpromotion']",['oil_price'],"['city', 'cluster', 'family', 'state', 'store_nbr', 'type']",favorita_stores_1D,1.0318164726788432,,22.149430414894596,15790,6fed59d3a1a0a4bd,False,0.7.0,1.0318164726788432,1.2598839877016996,0.16698380966013487,0.13825836148252738,"{'context_length': 4000, 'batch_size': 512, 'device': 'cuda', 'seed': 123}"
hd10_s0_10k,autogluon/fev_datasets,favorita_stores_1W,13,10,-130,13,1,,1,SQL,"['MASE', {'name': 'WAPE', 'epsilon': 1.0}, {'name': 'WQL', 'epsilon': 1.0}]","[0.1, 0.2, 0.3, 0.4, 0.5, 0.6, 0.7, 0.8, 0.9]",id,timestamp,sales,,['onpromotion'],['oil_price'],"['city', 'cluster', 'family', 'state', 'store_nbr', 'type']",favorita_stores_1W,2.202875327894306,,18.29474834818393,15790,297bbe136d11d663,False,0.7.0,2.202875327894306,2.542616354904953,0.1528451018997386,0.12517066324180992,"{'context_length': 4000, 'batch_size': 512, 'device': 'cuda', 'seed': 123}"
hd10_s0_10k,autogluon/fev_datasets,favorita_stores_1M,12,2,-24,12,1,,12,SQL,"['MASE', {'name': 'WAPE', 'epsilon': 1.0}, {'name': 'WQL', 'epsilon': 1.0}]","[0.1, 0.2, 0.3, 0.4, 0.5, 0.6, 0.7, 0.8, 0.9]",id,timestamp,sales,,['onpromotion'],['oil_price'],"['city', 'cluster', 'family', 'state', 'store_nbr', 'type']",favorita_stores_1M,2.083733514557966,,3.6905197999440134,3158,b7c7925e18d07eaa,False,0.7.0,2.083733514557966,2.290390432294831,0.19777908060007243,0.14879637942382437,"{'context_length': 4000, 'batch_size': 512, 'device': 'cuda', 'seed': 123}"
hd10_s0_10k,autogluon/fev_datasets,favorita_transactions_1D,28,10,-280,28,1,,7,SQL,"['MASE', {'name': 'WAPE', 'epsilon': 1.0}, {'name': 'WQL', 'epsilon': 1.0}]","[0.1, 0.2, 0.3, 0.4, 0.5, 0.6, 0.7, 0.8, 0.9]",id,timestamp,transactions,,['holiday'],['oil_price'],"['city', 'cluster', 'state', 'store_nbr', 'type']",favorita_transactions_1D,1.2521886618598466,,0.8364080600440502,510,93e47f4edb5bcbe1,False,0.7.0,1.2521886618598466,1.4776319891297387,0.09428659041587004,0.07984949965031778,"{'context_length': 4000, 'batch_size': 512, 'device': 'cuda', 'seed': 123}"
hd10_s0_10k,autogluon/fev_datasets,favorita_transactions_1W,13,10,-130,13,1,,1,SQL,"['MASE', {'name': 'WAPE', 'epsilon': 1.0}, {'name': 'WQL', 'epsilon': 1.0}]","[0.1, 0.2, 0.3, 0.4, 0.5, 0.6, 0.7, 0.8, 0.9]",id,timestamp,transactions,,[],['oil_price'],"['city', 'cluster', 'state', 'store_nbr', 'type']",favorita_transactions_1W,1.5178014284571293,,0.4909739561844617,510,19b5577b63233e9d,False,0.7.0,1.5178014284571293,1.7834624303400464,0.06810623821975911,0.05787167790277914,"{'context_length': 4000, 'batch_size': 512, 'device': 'cuda', 'seed': 123}"
hd10_s0_10k,autogluon/fev_datasets,favorita_transactions_1M,12,2,-24,12,1,,12,SQL,"['MASE', {'name': 'WAPE', 'epsilon': 1.0}, {'name': 'WQL', 'epsilon': 1.0}]","[0.1, 0.2, 0.3, 0.4, 0.5, 0.6, 0.7, 0.8, 0.9]",id,timestamp,transactions,,[],['oil_price'],"['city', 'cluster', 'state', 'store_nbr', 'type']",favorita_transactions_1M,1.4781401361287176,,0.15071578999049962,102,6f7b1122146e5d93,False,0.7.0,1.4781401361287176,1.7310922787701482,0.0981850601265706,0.08385012770406254,"{'context_length': 4000, 'batch_size': 512, 'device': 'cuda', 'seed': 123}"
hd10_s0_10k,autogluon/fev_datasets,solar_with_weather_15T,96,20,-1920,96,1,,96,SQL,"['MASE', {'name': 'WAPE', 'epsilon': 1.0}, {'name': 'WQL', 'epsilon': 1.0}]","[0.1, 0.2, 0.3, 0.4, 0.5, 0.6, 0.7, 0.8, 0.9]",id,timestamp,target,,"['day_length', 'humidity', 'pressure', 'rain_1h', 'snow_1h', 'temp', 'wind_speed']","['clouds_all', 'global_horizontal_irradiance']",[],solar_with_weather_15T,0.7913646981207191,,0.690383359324187,20,0b6d5a3c52af6282,False,0.7.0,0.7913646981207191,0.9469973098784367,1.185239066727981,1.0427969456349635,"{'context_length': 4000, 'batch_size': 512, 'device': 'cuda', 'seed': 123}"
hd10_s0_10k,autogluon/fev_datasets,solar_with_weather_1H,24,20,-480,24,1,,24,SQL,"['MASE', {'name': 'WAPE', 'epsilon': 1.0}, {'name': 'WQL', 'epsilon': 1.0}]","[0.1, 0.2, 0.3, 0.4, 0.5, 0.6, 0.7, 0.8, 0.9]",id,timestamp,target,,"['day_length', 'humidity', 'pressure', 'rain_1h', 'snow_1h', 'temp', 'wind_speed']","['clouds_all', 'global_horizontal_irradiance']",[],solar_with_weather_1H,0.9554648817088918,,0.25580277433618903,20,1ae39ff7d1aba62c,False,0.7.0,0.9554648817088918,1.1663585058197734,1.399890658372821,1.1917274068062254,"{'context_length': 4000, 'batch_size': 512, 'device': 'cuda', 'seed': 123}"
hd10_s0_10k,autogluon/fev_datasets,solar_1D,28,10,-280,28,1,,1,SQL,"['MASE', {'name': 'WAPE', 'epsilon': 1.0}, {'name': 'WQL', 'epsilon': 1.0}]","[0.1, 0.2, 0.3, 0.4, 0.5, 0.6, 0.7, 0.8, 0.9]",id,timestamp,target,,[],[],[],solar_1D,0.6491593966395816,,0.8806776779238135,1370,4a9fb28f2a62f798,False,0.7.0,0.6491593966395816,0.7981318279868603,0.2538210971237636,0.20624716821910988,"{'context_length': 4000, 'batch_size': 512, 'device': 'cuda', 'seed': 123}"
hd10_s0_10k,autogluon/fev_datasets,solar_1W,13,1,-13,13,1,,1,SQL,"['MASE', {'name': 'WAPE', 'epsilon': 1.0}, {'name': 'WQL', 'epsilon': 1.0}]","[0.1, 0.2, 0.3, 0.4, 0.5, 0.6, 0.7, 0.8, 0.9]",id,timestamp,target,,[],[],[],solar_1W,1.2463475122935808,,0.08478184207342565,137,856de5fa702db186,False,0.7.0,1.2463475122935808,1.6269947737314094,0.2745541949123749,0.20987304120398606,"{'context_length': 4000, 'batch_size': 512, 'device': 'cuda', 'seed': 123}"
hd10_s0_10k,autogluon/fev_datasets,kdd_cup_2022_10T,288,10,-2880,288,1,,144,SQL,"['MASE', {'name': 'WAPE', 'epsilon': 1.0}, {'name': 'WQL', 'epsilon': 1.0}]","[0.1, 0.2, 0.3, 0.4, 0.5, 0.6, 0.7, 0.8, 0.9]",id,timestamp,Patv,,[],"['Etmp', 'Itmp', 'Ndir', 'Pab1', 'Pab2', 'Pab3', 'Prtv', 'Wdir', 'Wspd']",[],kdd_cup_2022_10T,0.2797572017053997,,18.66240982338786,1340,571bae673e4dccdd,False,0.7.0,0.2797572017053997,0.3544128691576974,0.7320195043704585,0.5909794346078338,"{'context_length': 4000, 'batch_size': 512, 'device': 'cuda', 'seed': 123}"
hd10_s0_10k,autogluon/fev_datasets,kdd_cup_2022_30T,96,10,-960,96,1,,48,SQL,"['MASE', {'name': 'WAPE', 'epsilon': 1.0}, {'name': 'WQL', 'epsilon': 1.0}]","[0.1, 0.2, 0.3, 0.4, 0.5, 0.6, 0.7, 0.8, 0.9]",id,timestamp,Patv,,[],"['Etmp', 'Itmp', 'Ndir', 'Pab1', 'Pab2', 'Pab3', 'Prtv', 'Wdir', 'Wspd']",[],kdd_cup_2022_30T,0.48714891702912455,,5.759772668359801,1340,bf18bd35bb0df915,False,0.7.0,0.48714891702912455,0.6137306087942056,2.152475232598909,1.6868687357216268,"{'context_length': 4000, 'batch_size': 512, 'device': 'cuda', 'seed': 123}"
hd10_s0_10k,autogluon/fev_datasets,kdd_cup_2022_1D,14,10,-140,14,1,,1,SQL,"['MASE', {'name': 'WAPE', 'epsilon': 1.0}, {'name': 'WQL', 'epsilon': 1.0}]","[0.1, 0.2, 0.3, 0.4, 0.5, 0.6, 0.7, 0.8, 0.9]",id,timestamp,Patv,,[],"['Etmp', 'Itmp', 'Ndir', 'Pab1', 'Pab2', 'Pab3', 'Prtv', 'Wdir', 'Wspd']",[],kdd_cup_2022_1D,0.7017572168189405,,1.3635684382170439,1340,739c6625d30e6169,False,0.7.0,0.7017572168189405,0.8951669288457852,0.7115777616280641,0.5556897514415483,"{'context_length': 4000, 'batch_size': 512, 'device': 'cuda', 'seed': 123}"
hd10_s0_10k,autogluon/fev_datasets,uci_air_quality_1H,168,20,-3360,168,1,,24,SQL,"['MASE', {'name': 'WAPE', 'epsilon': 1.0}, {'name': 'WQL', 'epsilon': 1.0}]","[0.1, 0.2, 0.3, 0.4, 0.5, 0.6, 0.7, 0.8, 0.9]",id,timestamp,"['C6H6(GT)', 'CO(GT)', 'NO2(GT)', 'NOx(GT)']",,"['AH', 'RH', 'T']",[],[],uci_air_quality_1H,0.861451138747421,,0.9284118993673474,80,031d3ed27aba2c43,False,0.7.0,0.861451138747421,1.0997016510591824,0.37198047342280066,0.28974802167619307,"{'context_length': 4000, 'batch_size': 512, 'device': 'cuda', 'seed': 123}"
hd10_s0_10k,autogluon/fev_datasets,uci_air_quality_1D,28,11,-308,28,1,,7,SQL,"['MASE', {'name': 'WAPE', 'epsilon': 1.0}, {'name': 'WQL', 'epsilon': 1.0}]","[0.1, 0.2, 0.3, 0.4, 0.5, 0.6, 0.7, 0.8, 0.9]",id,timestamp,"['C6H6(GT)', 'CO(GT)', 'NO2(GT)', 'NOx(GT)']",,"['AH', 'RH', 'T']",[],[],uci_air_quality_1D,1.2640636030721408,,0.14557410893030465,44,2ef57ff0fd03a862,False,0.7.0,1.2640636030721408,1.5723548746724285,0.31102899118892136,0.24771031456199114,"{'context_length': 4000, 'batch_size': 512, 'device': 'cuda', 'seed': 123}"
hd10_s0_10k,autogluon/fev_datasets,LOOP_SEATTLE_5T,288,10,-2880,288,1,,288,SQL,"['MASE', {'name': 'WAPE', 'epsilon': 1.0}, {'name': 'WQL', 'epsilon': 1.0}]","[0.1, 0.2, 0.3, 0.4, 0.5, 0.6, 0.7, 0.8, 0.9]",id,timestamp,target,,[],[],[],LOOP_SEATTLE_5T,0.457906427183126,,46.620717911981046,3230,c2739a4b195beef3,False,0.7.0,0.457906427183126,0.5765506990405396,0.061648493642234806,0.048948145276289594,"{'context_length': 4000, 'batch_size': 512, 'device': 'cuda', 'seed': 123}"
hd10_s0_10k,autogluon/fev_datasets,LOOP_SEATTLE_1D,28,10,-280,28,1,,7,SQL,"['MASE', {'name': 'WAPE', 'epsilon': 1.0}, {'name': 'WQL', 'epsilon': 1.0}]","[0.1, 0.2, 0.3, 0.4, 0.5, 0.6, 0.7, 0.8, 0.9]",id,timestamp,target,,[],[],[],LOOP_SEATTLE_1D,0.8266380448047673,,1.9365206819493324,3230,02d7b9f04d1c3187,False,0.7.0,0.8266380448047673,0.9938198103132405,0.03761943576703048,0.03116491784946402,"{'context_length': 4000, 'batch_size': 512, 'device': 'cuda', 'seed': 123}"
hd10_s0_10k,autogluon/fev_datasets,LOOP_SEATTLE_1H,168,10,-1680,168,1,,24,SQL,"['MASE', {'name': 'WAPE', 'epsilon': 1.0}, {'name': 'WQL', 'epsilon': 1.0}]","[0.1, 0.2, 0.3, 0.4, 0.5, 0.6, 0.7, 0.8, 0.9]",id,timestamp,target,,[],[],[],LOOP_SEATTLE_1H,0.7617876015035215,,19.741881308611482,3230,08811ee17f93df42,False,0.7.0,0.7617876015035215,0.9244849941643366,0.07959837408100381,0.0655954963483184,"{'context_length': 4000, 'batch_size': 512, 'device': 'cuda', 'seed': 123}"
hd10_s0_10k,autogluon/fev_datasets,M_DENSE_1D,28,10,-280,28,1,,7,SQL,"['MASE', {'name': 'WAPE', 'epsilon': 1.0}, {'name': 'WQL', 'epsilon': 1.0}]","[0.1, 0.2, 0.3, 0.4, 0.5, 0.6, 0.7, 0.8, 0.9]",id,timestamp,target,,[],[],[],M_DENSE_1D,0.8585227520074457,,0.25945688178762794,300,12417cabd3e820d7,False,0.7.0,0.8585227520074457,1.0627547376098692,0.1123578012003523,0.09087935144788528,"{'context_length': 4000, 'batch_size': 512, 'device': 'cuda', 'seed': 123}"
hd10_s0_10k,autogluon/fev_datasets,M_DENSE_1H,168,10,-1680,168,1,,24,SQL,"['MASE', {'name': 'WAPE', 'epsilon': 1.0}, {'name': 'WQL', 'epsilon': 1.0}]","[0.1, 0.2, 0.3, 0.4, 0.5, 0.6, 0.7, 0.8, 0.9]",id,timestamp,target,,[],[],[],M_DENSE_1H,0.594854490343458,,2.079860902391374,300,e973593b94c21fa6,False,0.7.0,0.594854490343458,0.7180823227591127,0.14704209544619737,0.1209777985131236,"{'context_length': 4000, 'batch_size': 512, 'device': 'cuda', 'seed': 123}"
hd10_s0_10k,autogluon/fev_datasets,SZ_TAXI_15T,96,10,-960,96,1,,96,SQL,"['MASE', {'name': 'WAPE', 'epsilon': 1.0}, {'name': 'WQL', 'epsilon': 1.0}]","[0.1, 0.2, 0.3, 0.4, 0.5, 0.6, 0.7, 0.8, 0.9]",id,timestamp,target,,[],[],[],SZ_TAXI_15T,0.40491959778620623,,4.97099513723515,1560,3e6f0d3380ac07cc,False,0.7.0,0.40491959778620623,0.5137770348341428,0.2457344965350432,0.19336532974475582,"{'context_length': 4000, 'batch_size': 512, 'device': 'cuda', 'seed': 123}"
hd10_s0_10k,autogluon/fev_datasets,SZ_TAXI_1H,168,2,-336,168,1,,24,SQL,"['MASE', {'name': 'WAPE', 'epsilon': 1.0}, {'name': 'WQL', 'epsilon': 1.0}]","[0.1, 0.2, 0.3, 0.4, 0.5, 0.6, 0.7, 0.8, 0.9]",id,timestamp,target,,[],[],[],SZ_TAXI_1H,0.4344787955835855,,1.8680398082360625,312,7c28d9c08a8a99d2,False,0.7.0,0.4344787955835855,0.5460988247969796,0.17963435489114174,0.1435087868193765,"{'context_length': 4000, 'batch_size': 512, 'device': 'cuda', 'seed': 123}"
hd10_s0_10k,autogluon/fev_datasets,redset_5T,288,10,-2880,288,1,,288,SQL,"['MASE', {'name': 'WAPE', 'epsilon': 1.0}, {'name': 'WQL', 'epsilon': 1.0}]","[0.1, 0.2, 0.3, 0.4, 0.5, 0.6, 0.7, 0.8, 0.9]",id,timestamp,target,,[],[],['subset'],redset_5T,1.1349721196513982,,14.484511126298457,1180,4776bd88b54d8a04,False,0.7.0,1.1349721196513982,1.3810227227160508,0.42244724738328143,0.34838101626430806,"{'context_length': 4000, 'batch_size': 512, 'device': 'cuda', 'seed': 123}"
hd10_s0_10k,autogluon/fev_datasets,redset_15T,96,10,-960,96,1,,96,SQL,"['MASE', {'name': 'WAPE', 'epsilon': 1.0}, {'name': 'WQL', 'epsilon': 1.0}]","[0.1, 0.2, 0.3, 0.4, 0.5, 0.6, 0.7, 0.8, 0.9]",id,timestamp,target,,[],[],['subset'],redset_15T,2.4174231283275023,,4.2461683778092265,1260,391e616eee276356,False,0.7.0,2.4174231283275023,2.9447400895703404,0.3692294496551948,0.3036603832838977,"{'context_length': 4000, 'batch_size': 512, 'device': 'cuda', 'seed': 123}"
hd10_s0_10k,autogluon/fev_datasets,redset_1H,24,10,-240,24,1,,24,SQL,"['MASE', {'name': 'WAPE', 'epsilon': 1.0}, {'name': 'WQL', 'epsilon': 1.0}]","[0.1, 0.2, 0.3, 0.4, 0.5, 0.6, 0.7, 0.8, 0.9]",id,timestamp,target,,[],[],['subset'],redset_1H,3.3557561622016534,,0.9975530111696571,1380,a7542f5bcc8cf4ab,False,0.7.0,3.3557561622016534,4.222511944535045,0.2682311231608052,0.22693726395163374,"{'context_length': 4000, 'batch_size': 512, 'device': 'cuda', 'seed': 123}"
hd10_s0_10k,autogluon/fev_datasets,hospital_admissions_1D,28,20,-560,28,1,,7,SQL,"['MASE', {'name': 'WAPE', 'epsilon': 1.0}, {'name': 'WQL', 'epsilon': 1.0}]","[0.1, 0.2, 0.3, 0.4, 0.5, 0.6, 0.7, 0.8, 0.9]",id,timestamp,target,,[],[],[],hospital_admissions_1D,0.5579352175817194,,0.26740351715125144,160,88f43f9f6a96b4f3,False,0.7.0,0.5579352175817194,0.7217243928444077,0.5354055501366608,0.41386626747026173,"{'context_length': 4000, 'batch_size': 512, 'device': 'cuda', 'seed': 123}"
hd10_s0_10k,autogluon/fev_datasets,hospital_admissions_1W,13,16,-208,13,1,,1,SQL,"['MASE', {'name': 'WAPE', 'epsilon': 1.0}, {'name': 'WQL', 'epsilon': 1.0}]","[0.1, 0.2, 0.3, 0.4, 0.5, 0.6, 0.7, 0.8, 0.9]",id,timestamp,target,,[],[],[],hospital_admissions_1W,0.5937449470293852,,0.20846990938298404,128,70ba34804e0de04d,False,0.7.0,0.5937449470293852,0.7717311186351592,0.21697780448994283,0.16708531932404463,"{'context_length': 4000, 'batch_size': 512, 'device': 'cuda', 'seed': 123}"
hd10_s0_10k,autogluon/fev_datasets,ETT_1W,13,5,-65,13,1,,1,SQL,"['MASE', {'name': 'WAPE', 'epsilon': 1.0}, {'name': 'WQL', 'epsilon': 1.0}]","[0.1, 0.2, 0.3, 0.4, 0.5, 0.6, 0.7, 0.8, 0.9]",id,timestamp,"['HUFL', 'HULL', 'LUFL', 'LULL', 'MUFL', 'MULL', 'OT']",,[],[],[],ETT_1W,2.31914269997032,,0.08609253098256886,70,f285b410fbbb9427,False,0.7.0,2.31914269997032,2.675568683369961,0.4909844301571657,0.4004602488958084,"{'context_length': 4000, 'batch_size': 512, 'device': 'cuda', 'seed': 123}"
hd10_s0_10k,autogluon/fev_datasets,ETT_1D,28,20,-560,28,1,,7,SQL,"['MASE', {'name': 'WAPE', 'epsilon': 1.0}, {'name': 'WQL', 'epsilon': 1.0}]","[0.1, 0.2, 0.3, 0.4, 0.5, 0.6, 0.7, 0.8, 0.9]",id,timestamp,"['HUFL', 'HULL', 'LUFL', 'LULL', 'MUFL', 'MULL', 'OT']",,[],[],[],ETT_1D,1.1458251789322145,,0.3642104584723711,280,087e55aa2b87745b,False,0.7.0,1.1458251789322145,1.3642502881436211,0.3238838168423508,0.2651709935687124,"{'context_length': 4000, 'batch_size': 512, 'device': 'cuda', 'seed': 123}"
hd10_s0_10k,autogluon/fev_datasets,ETT_1H,168,20,-3360,168,1,,24,SQL,"['MASE', {'name': 'WAPE', 'epsilon': 1.0}, {'name': 'WQL', 'epsilon': 1.0}]","[0.1, 0.2, 0.3, 0.4, 0.5, 0.6, 0.7, 0.8, 0.9]",id,timestamp,"['HUFL', 'HULL', 'LUFL', 'LULL', 'MUFL', 'MULL', 'OT']",,[],[],[],ETT_1H,0.9331483795995487,,2.116982744541019,280,305bfc1cf6779b47,False,0.7.0,0.9331483795995487,1.160859501909042,0.24859850309644224,0.19785544939981348,"{'context_length': 4000, 'batch_size': 512, 'device': 'cuda', 'seed': 123}"
hd10_s0_10k,autogluon/fev_datasets,ETT_15T,96,20,-1920,96,1,,96,SQL,"['MASE', {'name': 'WAPE', 'epsilon': 1.0}, {'name': 'WQL', 'epsilon': 1.0}]","[0.1, 0.2, 0.3, 0.4, 0.5, 0.6, 0.7, 0.8, 0.9]",id,timestamp,"['HUFL', 'HULL', 'LUFL', 'LULL', 'MUFL', 'MULL', 'OT']",,[],[],[],ETT_15T,0.6058987409298066,,1.7142265136353672,280,8cb2ab653e6a502b,False,0.7.0,0.6058987409298066,0.7636034751293165,0.12340979234771206,0.09752190629719062,"{'context_length': 4000, 'batch_size': 512, 'device': 'cuda', 'seed': 123}"
hd10_s0_10k,autogluon/fev_datasets,hospital,12,4,-48,12,1,,12,SQL,"['MASE', {'name': 'WAPE', 'epsilon': 1.0}, {'name': 'WQL', 'epsilon': 1.0}]","[0.1, 0.2, 0.3, 0.4, 0.5, 0.6, 0.7, 0.8, 0.9]",id,timestamp,target,,[],[],[],hospital,0.6873139913870521,,1.6401428983081132,3068,9c6e8721c2eca10b,False,0.7.0,0.6873139913870521,0.8741179935554184,0.091034117342971,0.07236453024557084,"{'context_length': 4000, 'batch_size': 512, 'device': 'cuda', 'seed': 123}"
hd10_s0_10k,autogluon/fev_datasets,jena_weather_10T,144,20,-2880,144,1,,144,SQL,"['MASE', {'name': 'WAPE', 'epsilon': 1.0}, {'name': 'WQL', 'epsilon': 1.0}]","[0.1, 0.2, 0.3, 0.4, 0.5, 0.6, 0.7, 0.8, 0.9]",id,timestamp,"['target_0', 'target_1', 'target_10', 'target_11', 'target_12', 'target_13', 'target_14', 'target_15', 'target_16', 'target_17', 'target_18', 'target_19', 'target_2', 'target_20', 'target_3', 'target_4', 'target_5', 'target_6', 'target_7', 'target_8', 'target_9']",,[],[],[],jena_weather_10T,0.3825524865139568,,3.9190588376950473,420,311a660faf591409,False,0.7.0,0.3825524865139568,0.46906366398872035,0.2736233734128878,0.22656821698804155,"{'context_length': 4000, 'batch_size': 512, 'device': 'cuda', 'seed': 123}"
hd10_s0_10k,autogluon/fev_datasets,jena_weather_1D,28,11,-308,28,1,,1,SQL,"['MASE', {'name': 'WAPE', 'epsilon': 1.0}, {'name': 'WQL', 'epsilon': 1.0}]","[0.1, 0.2, 0.3, 0.4, 0.5, 0.6, 0.7, 0.8, 0.9]",id,timestamp,"['target_0', 'target_1', 'target_10', 'target_11', 'target_12', 'target_13', 'target_14', 'target_15', 'target_16', 'target_17', 'target_18', 'target_19', 'target_2', 'target_20', 'target_3', 'target_4', 'target_5', 'target_6', 'target_7', 'target_8', 'target_9']",,[],[],[],jena_weather_1D,1.1244741210000564,,0.3130371207371354,231,81a9d748210aa612,False,0.7.0,1.1244741210000564,1.4192628778731136,0.28913126583440873,0.23585363713274268,"{'context_length': 4000, 'batch_size': 512, 'device': 'cuda', 'seed': 123}"
hd10_s0_10k,autogluon/fev_datasets,jena_weather_1H,24,20,-480,24,1,,24,SQL,"['MASE', {'name': 'WAPE', 'epsilon': 1.0}, {'name': 'WQL', 'epsilon': 1.0}]","[0.1, 0.2, 0.3, 0.4, 0.5, 0.6, 0.7, 0.8, 0.9]",id,timestamp,"['target_0', 'target_1', 'target_10', 'target_11', 'target_12', 'target_13', 'target_14', 'target_15', 'target_16', 'target_17', 'target_18', 'target_19', 'target_2', 'target_20', 'target_3', 'target_4', 'target_5', 'target_6', 'target_7', 'target_8', 'target_9']",,[],[],[],jena_weather_1H,0.38122754368750866,,0.6128396280109882,420,8eb1d310607e8fee,False,0.7.0,0.38122754368750866,0.4731840654809477,0.2723185965841185,0.2264605259650591,"{'context_length': 4000, 'batch_size': 512, 'device': 'cuda', 'seed': 123}"
hd10_s0_10k,autogluon/fev_datasets,bizitobs_l2c_1H,24,20,-480,24,1,,24,SQL,"['MASE', {'name': 'WAPE', 'epsilon': 1.0}, {'name': 'WQL', 'epsilon': 1.0}]","[0.1, 0.2, 0.3, 0.4, 0.5, 0.6, 0.7, 0.8, 0.9]",id,timestamp,"['target_0', 'target_1', 'target_2', 'target_3', 'target_4', 'target_5', 'target_6']",,[],[],[],bizitobs_l2c_1H,0.48652583374470193,,0.2534403926692903,140,fd3fb3349ee15a22,False,0.7.0,0.48652583374470193,0.6122033741899904,1.1778137496775587,0.939483915976669,"{'context_length': 4000, 'batch_size': 512, 'device': 'cuda', 'seed': 123}"
hd10_s0_10k,autogluon/fev_datasets,bizitobs_l2c_5T,288,20,-5760,288,1,,288,SQL,"['MASE', {'name': 'WAPE', 'epsilon': 1.0}, {'name': 'WQL', 'epsilon': 1.0}]","[0.1, 0.2, 0.3, 0.4, 0.5, 0.6, 0.7, 0.8, 0.9]",id,timestamp,"['target_0', 'target_1', 'target_2', 'target_3', 'target_4', 'target_5', 'target_6']",,[],[],[],bizitobs_l2c_5T,0.630238046470659,,2.244621613295749,140,9cb515b57514a9ab,False,0.7.0,0.630238046470659,0.7261878645691486,1.3997177665557223,1.253290789293982,"{'context_length': 4000, 'batch_size': 512, 'device': 'cuda', 'seed': 123}"
hd10_s0_10k,autogluon/fev_datasets,australian_tourism,8,2,-16,8,1,,4,SQL,"['MASE', {'name': 'WAPE', 'epsilon': 1.0}, {'name': 'WQL', 'epsilon': 1.0}]","[0.1, 0.2, 0.3, 0.4, 0.5, 0.6, 0.7, 0.8, 0.9]",id,timestamp,target,,[],[],[],australian_tourism,0.9231596315267088,,0.10999730601906776,178,e3e704ef830bb1f4,False,0.7.0,0.9231596315267088,1.1760956275754524,0.14098415113251533,0.11004609724674894,"{'context_length': 4000, 'batch_size': 512, 'device': 'cuda', 'seed': 123}"
hd10_s0_10k,autogluon/fev_datasets,world_tourism,5,2,-10,5,1,,1,SQL,"['MASE', {'name': 'WAPE', 'epsilon': 1.0}, {'name': 'WQL', 'epsilon': 1.0}]","[0.1, 0.2, 0.3, 0.4, 0.5, 0.6, 0.7, 0.8, 0.9]",id,timestamp,target,,[],[],[],world_tourism,3.1889161676958215,,0.2011196028906852,356,0dbaf8acdb03871f,False,0.7.0,3.1889161676958215,3.95088885850594,0.1107201448214845,0.08247800975305578,"{'context_length': 4000, 'batch_size': 512, 'device': 'cuda', 'seed': 123}"
hd10_s0_10k,autogluon/fev_datasets,world_co2_emissions,5,9,-45,5,1,,1,SQL,"['MASE', {'name': 'WAPE', 'epsilon': 1.0}, {'name': 'WQL', 'epsilon': 1.0}]","[0.1, 0.2, 0.3, 0.4, 0.5, 0.6, 0.7, 0.8, 0.9]",id,timestamp,target,,[],[],[],world_co2_emissions,3.074215814457855,,0.9544959461782128,1719,e202df7b6b66eec1,False,0.7.0,3.074215814457855,3.842586937303768,0.097979227049149,0.0760650067928019,"{'context_length': 4000, 'batch_size': 512, 'device': 'cuda', 'seed': 123}"
hd10_s0_10k,autogluon/fev_datasets,world_life_expectancy,5,10,-50,5,1,,1,SQL,"['MASE', {'name': 'WAPE', 'epsilon': 1.0}, {'name': 'WQL', 'epsilon': 1.0}]","[0.1, 0.2, 0.3, 0.4, 0.5, 0.6, 0.7, 0.8, 0.9]",id,timestamp,target,,[],[],[],world_life_expectancy,2.4090689463758506,,1.4576813541352749,2370,fa80fb81a8121b97,False,0.7.0,2.4090689463758506,3.3450535151095755,0.02587724508583742,0.01876920569185576,"{'context_length': 4000, 'batch_size': 512, 'device': 'cuda', 'seed': 123}"
hd10_s0_10k,autogluon/fev_datasets,ercot_1H,168,20,-3360,168,1,,24,SQL,"['MASE', {'name': 'WAPE', 'epsilon': 1.0}, {'name': 'WQL', 'epsilon': 1.0}]","[0.1, 0.2, 0.3, 0.4, 0.5, 0.6, 0.7, 0.8, 0.9]",id,timestamp,target,,[],[],[],ercot_1H,1.1148474662848926,,2.4635358604136854,160,ea7c064764004599,False,0.7.0,1.1148474662848926,1.4146983272403695,0.0728882515761605,0.057295680282628145,"{'context_length': 4000, 'batch_size': 512, 'device': 'cuda', 'seed': 123}"
hd10_s0_10k,autogluon/fev_datasets,ercot_1D,28,20,-560,28,1,,7,SQL,"['MASE', {'name': 'WAPE', 'epsilon': 1.0}, {'name': 'WQL', 'epsilon': 1.0}]","[0.1, 0.2, 0.3, 0.4, 0.5, 0.6, 0.7, 0.8, 0.9]",id,timestamp,target,,[],[],[],ercot_1D,0.9558772608016165,,0.27782036387361586,160,2d6981ffddeb4d36,False,0.7.0,0.9558772608016165,1.2135694160506945,0.08049632970895573,0.06314474852795249,"{'context_length': 4000, 'batch_size': 512, 'device': 'cuda', 'seed': 123}"
hd10_s0_10k,autogluon/fev_datasets,ercot_1W,13,20,-260,13,1,,1,SQL,"['MASE', {'name': 'WAPE', 'epsilon': 1.0}, {'name': 'WQL', 'epsilon': 1.0}]","[0.1, 0.2, 0.3, 0.4, 0.5, 0.6, 0.7, 0.8, 0.9]",id,timestamp,target,,[],[],[],ercot_1W,1.4352527028818396,,0.2550617619417608,160,17d56f9cde303936,False,0.7.0,1.4352527028818396,1.8253002035841348,0.09087630433726934,0.07217175591130351,"{'context_length': 4000, 'batch_size': 512, 'device': 'cuda', 'seed': 123}"
hd10_s0_10k,autogluon/fev_datasets,ercot_1M,12,15,-180,12,1,,12,SQL,"['MASE', {'name': 'WAPE', 'epsilon': 1.0}, {'name': 'WQL', 'epsilon': 1.0}]","[0.1, 0.2, 0.3, 0.4, 0.5, 0.6, 0.7, 0.8, 0.9]",id,timestamp,target,,[],[],[],ercot_1M,0.8473639440973874,,0.19049582188017666,120,3b442c044564a810,False,0.7.0,0.8473639440973874,1.0859081613794508,0.05578599804431379,0.04351916513697828,"{'context_length': 4000, 'batch_size': 512, 'device': 'cuda', 'seed': 123}"
hd10_s0_10k,autogluon/fev_datasets,uk_covid_utla_1D,28,10,-280,28,1,,7,SQL,"['MASE', {'name': 'WAPE', 'epsilon': 1.0}, {'name': 'WQL', 'epsilon': 1.0}]","[0.1, 0.2, 0.3, 0.4, 0.5, 0.6, 0.7, 0.8, 0.9]",id,timestamp,new_cases,,[],[],[],uk_covid_utla_1D/new,3.779754494315302,,1.3643339045811445,2140,2f859aada4961893,False,0.7.0,3.779754494315302,4.450081922165212,0.4359759943970718,0.36549393680741743,"{'context_length': 4000, 'batch_size': 512, 'device': 'cuda', 'seed': 123}"
hd10_s0_10k,autogluon/fev_datasets,uk_covid_utla_1W,13,5,-65,13,1,,1,SQL,"['MASE', {'name': 'WAPE', 'epsilon': 1.0}, {'name': 'WQL', 'epsilon': 1.0}]","[0.1, 0.2, 0.3, 0.4, 0.5, 0.6, 0.7, 0.8, 0.9]",id,timestamp,cumulative_cases,,[],[],[],uk_covid_utla_1W/cumulative,21.319300865408554,,0.6553195908199996,1070,35d7c01fd444e4fd,False,0.7.0,21.319300865408554,24.044132065654594,0.23397129397616284,0.20571261106930377,"{'context_length': 4000, 'batch_size': 512, 'device': 'cuda', 'seed': 123}"
hd10_s0_10k,autogluon/fev_datasets,uk_covid_nation_1D,28,20,-560,28,1,,7,SQL,"['MASE', {'name': 'WAPE', 'epsilon': 1.0}, {'name': 'WQL', 'epsilon': 1.0}]","[0.1, 0.2, 0.3, 0.4, 0.5, 0.6, 0.7, 0.8, 0.9]",id,timestamp,"['new_admissions', 'new_cases', 'new_deaths']",,[],"['hospital_cases', 'icu_ventilator_occupancy', 'new_vaccinated_1', 'new_vaccinated_2', 'new_vaccinated_3']",[],uk_covid_nation_1D/new,2.1701112310367474,,0.4402821231633425,240,dae0212e3fa73904,False,0.7.0,2.1701112310367474,2.602306428472272,0.4696322345972376,0.38416628532389396,"{'context_length': 4000, 'batch_size': 512, 'device': 'cuda', 'seed': 123}"
hd10_s0_10k,autogluon/fev_datasets,uk_covid_nation_1D,28,20,-560,28,1,,1,SQL,"['MASE', {'name': 'WAPE', 'epsilon': 1.0}, {'name': 'WQL', 'epsilon': 1.0}]","[0.1, 0.2, 0.3, 0.4, 0.5, 0.6, 0.7, 0.8, 0.9]",id,timestamp,"['cumulative_admissions', 'cumulative_cases', 'cumulative_deaths']",,[],"['cumulative_vaccinated_1', 'cumulative_vaccinated_2', 'cumulative_vaccinated_3', 'hospital_cases', 'icu_ventilator_occupancy']",[],uk_covid_nation_1D/cumulative,16.831417762669552,,0.43138992111198604,240,dae0212e3fa73904,False,0.7.0,16.831417762669552,20.904808540393237,0.047363502274694394,0.038535293919183165,"{'context_length': 4000, 'batch_size': 512, 'device': 'cuda', 'seed': 123}"
hd10_s0_10k,autogluon/fev_datasets,uk_covid_nation_1W,8,4,-32,8,1,,1,SQL,"['MASE', {'name': 'WAPE', 'epsilon': 1.0}, {'name': 'WQL', 'epsilon': 1.0}]","[0.1, 0.2, 0.3, 0.4, 0.5, 0.6, 0.7, 0.8, 0.9]",id,timestamp,"['new_admissions', 'new_cases', 'new_deaths']",,[],"['hospital_cases', 'icu_ventilator_occupancy', 'new_vaccinated_1', 'new_vaccinated_2', 'new_vaccinated_3']",[],uk_covid_nation_1W/new,3.4104869265239084,,0.10620206571184099,48,c1544674699f895d,False,0.7.0,3.4104869265239084,3.9532238054002264,0.32706291408892474,0.30771293540680067,"{'context_length': 4000, 'batch_size': 512, 'device': 'cuda', 'seed': 123}"
hd10_s0_10k,autogluon/fev_datasets,uk_covid_nation_1W,8,4,-32,8,1,,1,SQL,"['MASE', {'name': 'WAPE', 'epsilon': 1.0}, {'name': 'WQL', 'epsilon': 1.0}]","[0.1, 0.2, 0.3, 0.4, 0.5, 0.6, 0.7, 0.8, 0.9]",id,timestamp,"['cumulative_admissions', 'cumulative_cases', 'cumulative_deaths']",,[],"['cumulative_vaccinated_1', 'cumulative_vaccinated_2', 'cumulative_vaccinated_3', 'hospital_cases', 'icu_ventilator_occupancy']",[],uk_covid_nation_1W/cumulative,5.849093347372519,,0.08173374435864389,48,c1544674699f895d,False,0.7.0,5.849093347372519,7.9202955129021975,0.08108755864038289,0.058164049447963384,"{'context_length': 4000, 'batch_size': 512, 'device': 'cuda', 'seed': 123}"
hd10_s0_10k,autogluon/fev_datasets,ecdc_ili,13,10,-130,13,1,,1,SQL,"['MASE', {'name': 'WAPE', 'epsilon': 1.0}, {'name': 'WQL', 'epsilon': 1.0}]","[0.1, 0.2, 0.3, 0.4, 0.5, 0.6, 0.7, 0.8, 0.9]",id,timestamp,target,,[],[],[],ecdc_ili,2.4971747786255807,,0.20835815789178014,240,c812e2dbfb11b987,False,0.7.0,2.4971747786255807,2.939049186279181,0.46184038220169554,0.38921773164736184,"{'context_length': 4000, 'batch_size': 512, 'device': 'cuda', 'seed': 123}"
hd10_s0_10k,autogluon/fev_datasets,boomlet_1062,288,20,-5760,288,1,,288,SQL,"['MASE', {'name': 'WAPE', 'epsilon': 1.0}, {'name': 'WQL', 'epsilon': 1.0}]","[0.1, 0.2, 0.3, 0.4, 0.5, 0.6, 0.7, 0.8, 0.9]",id,timestamp,"['target_0', 'target_1', 'target_10', 'target_11', 'target_12', 'target_13', 'target_14', 'target_15', 'target_16', 'target_17', 'target_18', 'target_19', 'target_2', 'target_20', 'target_3', 'target_4', 'target_5', 'target_6', 'target_7', 'target_8', 'target_9']",,[],[],[],boomlet_1062,0.648126773890664,,5.490252714138478,420,850914278ff7292f,False,0.7.0,0.648126773890664,0.765792100424534,0.6178958589518136,0.5149321955986478,"{'context_length': 4000, 'batch_size': 512, 'device': 'cuda', 'seed': 123}"
hd10_s0_10k,autogluon/fev_datasets,boomlet_1209,288,20,-5760,288,1,,288,SQL,"['MASE', {'name': 'WAPE', 'epsilon': 1.0}, {'name': 'WQL', 'epsilon': 1.0}]","[0.1, 0.2, 0.3, 0.4, 0.5, 0.6, 0.7, 0.8, 0.9]",id,timestamp,"['target_0', 'target_1', 'target_10', 'target_11', 'target_12', 'target_13', 'target_14', 'target_15', 'target_16', 'target_17', 'target_18', 'target_19', 'target_2', 'target_20', 'target_21', 'target_22', 'target_23', 'target_24', 'target_25', 'target_26', 'target_27', 'target_28', 'target_29', 'target_3', 'target_30', 'target_31', 'target_32', 'target_33', 'target_34', 'target_35', 'target_36', 'target_37', 'target_38', 'target_39', 'target_4', 'target_40', 'target_41', 'target_42', 'target_43', 'target_44', 'target_45', 'target_46', 'target_47', 'target_48', 'target_49', 'target_5', 'target_50', 'target_51', 'target_52', 'target_6', 'target_7', 'target_8', 'target_9']",,[],[],[],boomlet_1209,0.7079634074115624,,13.05046907486394,1060,fc732419f4257b0c,False,0.7.0,0.7079634074115624,0.8025204301896437,0.31225553729486505,0.2733101988307952,"{'context_length': 4000, 'batch_size': 512, 'device': 'cuda', 'seed': 123}"
hd10_s0_10k,autogluon/fev_datasets,boomlet_1225,60,20,-1200,60,1,,1440,SQL,"['MASE', {'name': 'WAPE', 'epsilon': 1.0}, {'name': 'WQL', 'epsilon': 1.0}]","[0.1, 0.2, 0.3, 0.4, 0.5, 0.6, 0.7, 0.8, 0.9]",id,timestamp,"['target_0', 'target_1', 'target_10', 'target_11', 'target_12', 'target_13', 'target_14', 'target_15', 'target_16', 'target_17', 'target_18', 'target_19', 'target_2', 'target_20', 'target_21', 'target_22', 'target_23', 'target_24', 'target_25', 'target_26', 'target_27', 'target_28', 'target_29', 'target_3', 'target_30', 'target_31', 'target_32', 'target_33', 'target_34', 'target_35', 'target_36', 'target_37', 'target_38', 'target_39', 'target_4', 'target_40', 'target_41', 'target_42', 'target_43', 'target_44', 'target_45', 'target_46', 'target_47', 'target_48', 'target_5', 'target_6', 'target_7', 'target_8', 'target_9']",,[],[],[],boomlet_1225,0.20823120442269252,,1.165406214306131,980,e054f8c6bf020ac0,False,0.7.0,0.20823120442269252,0.25975885774817703,0.13629940297463367,0.10939066555850471,"{'context_length': 4000, 'batch_size': 512, 'device': 'cuda', 'seed': 123}"
hd10_s0_10k,autogluon/fev_datasets,boomlet_1230,288,20,-5760,288,1,,288,SQL,"['MASE', {'name': 'WAPE', 'epsilon': 1.0}, {'name': 'WQL', 'epsilon': 1.0}]","[0.1, 0.2, 0.3, 0.4, 0.5, 0.6, 0.7, 0.8, 0.9]",id,timestamp,"['target_0', 'target_1', 'target_10', 'target_11', 'target_12', 'target_13', 'target_14', 'target_15', 'target_16', 'target_17', 'target_18', 'target_19', 'target_2', 'target_20', 'target_21', 'target_22', 'target_3', 'target_4', 'target_5', 'target_6', 'target_7', 'target_8', 'target_9']",,[],[],[],boomlet_1230,1.233568886380814,,5.913621600950137,460,c41ee8e342ded50d,False,0.7.0,1.233568886380814,1.3666835923038751,0.3046256616243308,0.2673457837986021,"{'context_length': 4000, 'batch_size': 512, 'device': 'cuda', 'seed': 123}"
hd10_s0_10k,autogluon/fev_datasets,boomlet_1282,60,20,-1200,60,1,,1440,SQL,"['MASE', {'name': 'WAPE', 'epsilon': 1.0}, {'name': 'WQL', 'epsilon': 1.0}]","[0.1, 0.2, 0.3, 0.4, 0.5, 0.6, 0.7, 0.8, 0.9]",id,timestamp,"['target_0', 'target_1', 'target_10', 'target_11', 'target_12', 'target_13', 'target_14', 'target_15', 'target_16', 'target_17', 'target_18', 'target_19', 'target_2', 'target_20', 'target_21', 'target_22', 'target_23', 'target_24', 'target_25', 'target_26', 'target_27', 'target_28', 'target_29', 'target_3', 'target_30', 'target_31', 'target_32', 'target_33', 'target_34', 'target_4', 'target_5', 'target_6', 'target_7', 'target_8', 'target_9']",,[],[],[],boomlet_1282,0.4348440418710128,,0.8836054147686809,700,b18492522498bc96,False,0.7.0,0.4348440418710128,0.5335463039638811,0.36971830772399245,0.2989427459114294,"{'context_length': 4000, 'batch_size': 512, 'device': 'cuda', 'seed': 123}"
hd10_s0_10k,autogluon/fev_datasets,boomlet_1487,288,20,-5760,288,1,,288,SQL,"['MASE', {'name': 'WAPE', 'epsilon': 1.0}, {'name': 'WQL', 'epsilon': 1.0}]","[0.1, 0.2, 0.3, 0.4, 0.5, 0.6, 0.7, 0.8, 0.9]",id,timestamp,"['target_0', 'target_1', 'target_10', 'target_11', 'target_12', 'target_13', 'target_14', 'target_15', 'target_16', 'target_17', 'target_18', 'target_19', 'target_2', 'target_20', 'target_21', 'target_22', 'target_23', 'target_24', 'target_25', 'target_26', 'target_27', 'target_28', 'target_29', 'target_3', 'target_30', 'target_31', 'target_32', 'target_33', 'target_34', 'target_35', 'target_36', 'target_37', 'target_38', 'target_39', 'target_4', 'target_40', 'target_41', 'target_42', 'target_43', 'target_44', 'target_45', 'target_46', 'target_47', 'target_48', 'target_49', 'target_5', 'target_50', 'target_51', 'target_52', 'target_53', 'target_6', 'target_7', 'target_8', 'target_9']",,[],[],[],boomlet_1487,0.4583011062886693,,13.22333274432458,1080,6e70705aa0d5c9b6,False,0.7.0,0.4583011062886693,0.5523923816164087,0.21801953207510913,0.18073441128382528,"{'context_length': 4000, 'batch_size': 512, 'device': 'cuda', 'seed': 123}"
hd10_s0_10k,autogluon/fev_datasets,boomlet_1631,96,20,-1920,96,1,,48,SQL,"['MASE', {'name': 'WAPE', 'epsilon': 1.0}, {'name': 'WQL', 'epsilon': 1.0}]","[0.1, 0.2, 0.3, 0.4, 0.5, 0.6, 0.7, 0.8, 0.9]",id,timestamp,"['target_0', 'target_1', 'target_10', 'target_11', 'target_12', 'target_13', 'target_14', 'target_15', 'target_16', 'target_17', 'target_18', 'target_19', 'target_2', 'target_20', 'target_21', 'target_22', 'target_23', 'target_24', 'target_25', 'target_26', 'target_27', 'target_28', 'target_29', 'target_3', 'target_30', 'target_31', 'target_32', 'target_33', 'target_34', 'target_35', 'target_36', 'target_37', 'target_38', 'target_39', 'target_4', 'target_5', 'target_6', 'target_7', 'target_8', 'target_9']",,[],[],[],boomlet_1631,0.6111218554576558,,2.9157940277364105,800,79eaf83557e2eeb4,False,0.7.0,0.6111218554576558,0.7602339836105433,0.3317097445564183,0.26634064754680004,"{'context_length': 4000, 'batch_size': 512, 'device': 'cuda', 'seed': 123}"
hd10_s0_10k,autogluon/fev_datasets,boomlet_1676,96,20,-1920,96,1,,48,SQL,"['MASE', {'name': 'WAPE', 'epsilon': 1.0}, {'name': 'WQL', 'epsilon': 1.0}]","[0.1, 0.2, 0.3, 0.4, 0.5, 0.6, 0.7, 0.8, 0.9]",id,timestamp,"['target_0', 'target_1', 'target_10', 'target_11', 'target_12', 'target_13', 'target_14', 'target_15', 'target_16', 'target_17', 'target_18', 'target_19', 'target_2', 'target_20', 'target_21', 'target_22', 'target_23', 'target_24', 'target_25', 'target_26', 'target_27', 'target_28', 'target_29', 'target_3', 'target_30', 'target_31', 'target_32', 'target_33', 'target_34', 'target_35', 'target_36', 'target_37', 'target_38', 'target_39', 'target_4', 'target_40', 'target_41', 'target_42', 'target_43', 'target_44', 'target_45', 'target_46', 'target_47', 'target_48', 'target_49', 'target_5', 'target_50', 'target_51', 'target_52', 'target_53', 'target_54', 'target_55', 'target_56', 'target_57', 'target_58', 'target_59', 'target_6', 'target_60', 'target_61', 'target_62', 'target_63', 'target_64', 'target_65', 'target_66', 'target_67', 'target_68', 'target_69', 'target_7', 'target_70', 'target_71', 'target_72', 'target_73', 'target_74', 'target_75', 'target_76', 'target_77', 'target_78', 'target_79', 'target_8', 'target_80', 'target_81', 'target_82', 'target_83', 'target_84', 'target_85', 'target_86', 'target_87', 'target_88', 'target_89', 'target_9', 'target_90', 'target_91', 'target_92', 'target_93', 'target_94', 'target_95', 'target_96', 'target_97', 'target_98', 'target_99']",,[],[],[],boomlet_1676,0.5888001655586027,,6.894766128854826,2000,083dfc140fd4b463,False,0.7.0,0.5888001655586027,0.730127142222275,0.3277888571988348,0.2591317239983962,"{'context_length': 4000, 'batch_size': 512, 'device': 'cuda', 'seed': 123}"
hd10_s0_10k,autogluon/fev_datasets,boomlet_1855,24,20,-480,24,1,,24,SQL,"['MASE', {'name': 'WAPE', 'epsilon': 1.0}, {'name': 'WQL', 'epsilon': 1.0}]","[0.1, 0.2, 0.3, 0.4, 0.5, 0.6, 0.7, 0.8, 0.9]",id,timestamp,"['target_0', 'target_1', 'target_10', 'target_11', 'target_12', 'target_13', 'target_14', 'target_15', 'target_16', 'target_17', 'target_18', 'target_19', 'target_2', 'target_20', 'target_21', 'target_22', 'target_23', 'target_24', 'target_25', 'target_26', 'target_27', 'target_28', 'target_29', 'target_3', 'target_30', 'target_31', 'target_32', 'target_33', 'target_34', 'target_35', 'target_36', 'target_37', 'target_38', 'target_39', 'target_4', 'target_40', 'target_41', 'target_42', 'target_43', 'target_44', 'target_45', 'target_46', 'target_47', 'target_48', 'target_49', 'target_5', 'target_50', 'target_51', 'target_6', 'target_7', 'target_8', 'target_9']",,[],[],[],boomlet_1855,0.5013098172823897,,0.9072342819999903,1040,3b655e92786b24dc,False,0.7.0,0.5013098172823897,0.5927035422219442,0.17071550958147763,0.14581000481921363,"{'context_length': 4000, 'batch_size': 512, 'device': 'cuda', 'seed': 123}"
hd10_s0_10k,autogluon/fev_datasets,boomlet_1975,24,20,-480,24,1,,24,SQL,"['MASE', {'name': 'WAPE', 'epsilon': 1.0}, {'name': 'WQL', 'epsilon': 1.0}]","[0.1, 0.2, 0.3, 0.4, 0.5, 0.6, 0.7, 0.8, 0.9]",id,timestamp,"['target_0', 'target_1', 'target_10', 'target_11', 'target_12', 'target_13', 'target_14', 'target_15', 'target_16', 'target_17', 'target_18', 'target_19', 'target_2', 'target_20', 'target_21', 'target_22', 'target_23', 'target_24', 'target_25', 'target_26', 'target_27', 'target_28', 'target_29', 'target_3', 'target_30', 'target_31', 'target_32', 'target_33', 'target_34', 'target_35', 'target_36', 'target_37', 'target_38', 'target_39', 'target_4', 'target_40', 'target_41', 'target_42', 'target_43', 'target_44', 'target_45', 'target_46', 'target_47', 'target_48', 'target_49', 'target_5', 'target_50', 'target_51', 'target_52', 'target_53', 'target_54', 'target_55', 'target_56', 'target_57', 'target_58', 'target_59', 'target_6', 'target_60', 'target_61', 'target_62', 'target_63', 'target_64', 'target_65', 'target_66', 'target_67', 'target_68', 'target_69', 'target_7', 'target_70', 'target_71', 'target_72', 'target_73', 'target_74', 'target_8', 'target_9']",,[],[],[],boomlet_1975,0.3354343045863094,,1.2220577807165682,1500,6e1d9424c5ab2214,False,0.7.0,0.3354343045863094,0.4198081812322688,0.231461069617576,0.1851777244506345,"{'context_length': 4000, 'batch_size': 512, 'device': 'cuda', 'seed': 123}"
hd10_s0_10k,autogluon/fev_datasets,boomlet_2187,24,20,-480,24,1,,24,SQL,"['MASE', {'name': 'WAPE', 'epsilon': 1.0}, {'name': 'WQL', 'epsilon': 1.0}]","[0.1, 0.2, 0.3, 0.4, 0.5, 0.6, 0.7, 0.8, 0.9]",id,timestamp,"['target_0', 'target_1', 'target_10', 'target_11', 'target_12', 'target_13', 'target_14', 'target_15', 'target_16', 'target_17', 'target_18', 'target_19', 'target_2', 'target_20', 'target_21', 'target_22', 'target_23', 'target_24', 'target_25', 'target_26', 'target_27', 'target_28', 'target_29', 'target_3', 'target_30', 'target_31', 'target_32', 'target_33', 'target_34', 'target_35', 'target_36', 'target_37', 'target_38', 'target_39', 'target_4', 'target_40', 'target_41', 'target_42', 'target_43', 'target_44', 'target_45', 'target_46', 'target_47', 'target_48', 'target_49', 'target_5', 'target_50', 'target_51', 'target_52', 'target_53', 'target_54', 'target_55', 'target_56', 'target_57', 'target_58', 'target_59', 'target_6', 'target_60', 'target_61', 'target_62', 'target_63', 'target_64', 'target_65', 'target_66', 'target_67', 'target_68', 'target_69', 'target_7', 'target_70', 'target_71', 'target_72', 'target_73', 'target_74', 'target_75', 'target_76', 'target_77', 'target_78', 'target_79', 'target_8', 'target_80', 'target_81', 'target_82', 'target_83', 'target_84', 'target_85', 'target_86', 'target_87', 'target_88', 'target_89', 'target_9', 'target_90', 'target_91', 'target_92', 'target_93', 'target_94', 'target_95', 'target_96', 'target_97', 'target_98', 'target_99']",,[],[],[],boomlet_2187,0.8830805767660838,,1.5915550913196057,2000,c858af6e090b65d2,False,0.7.0,0.8830805767660838,0.9911324276885489,0.32207419439153473,0.28257188588880877,"{'context_length': 4000, 'batch_size': 512, 'device': 'cuda', 'seed': 123}"
hd10_s0_10k,autogluon/fev_datasets,boomlet_285,60,20,-1200,60,1,,1440,SQL,"['MASE', {'name': 'WAPE', 'epsilon': 1.0}, {'name': 'WQL', 'epsilon': 1.0}]","[0.1, 0.2, 0.3, 0.4, 0.5, 0.6, 0.7, 0.8, 0.9]",id,timestamp,"['target_0', 'target_1', 'target_10', 'target_11', 'target_12', 'target_13', 'target_14', 'target_15', 'target_16', 'target_17', 'target_18', 'target_19', 'target_2', 'target_20', 'target_21', 'target_22', 'target_23', 'target_24', 'target_25', 'target_26', 'target_27', 'target_28', 'target_29', 'target_3', 'target_30', 'target_31', 'target_32', 'target_33', 'target_34', 'target_35', 'target_36', 'target_37', 'target_38', 'target_39', 'target_4', 'target_40', 'target_41', 'target_42', 'target_43', 'target_44', 'target_45', 'target_46', 'target_47', 'target_48', 'target_49', 'target_5', 'target_50', 'target_51', 'target_52', 'target_53', 'target_54', 'target_55', 'target_56', 'target_57', 'target_58', 'target_59', 'target_6', 'target_60', 'target_61', 'target_62', 'target_63', 'target_64', 'target_65', 'target_66', 'target_67', 'target_68', 'target_69', 'target_7', 'target_70', 'target_71', 'target_72', 'target_73', 'target_74', 'target_8', 'target_9']",,[],[],[],boomlet_285,0.4900460107419966,,1.7548134867101908,1500,51287a29c5959696,False,0.7.0,0.4900460107419966,0.5454776001104047,0.2626005554488763,0.22495237518042707,"{'context_length': 4000, 'batch_size': 512, 'device': 'cuda', 'seed': 123}"
hd10_s0_10k,autogluon/fev_datasets,boomlet_619,60,20,-1200,60,1,,1440,SQL,"['MASE', {'name': 'WAPE', 'epsilon': 1.0}, {'name': 'WQL', 'epsilon': 1.0}]","[0.1, 0.2, 0.3, 0.4, 0.5, 0.6, 0.7, 0.8, 0.9]",id,timestamp,"['target_0', 'target_1', 'target_10', 'target_11', 'target_12', 'target_13', 'target_14', 'target_15', 'target_16', 'target_17', 'target_18', 'target_19', 'target_2', 'target_20', 'target_21', 'target_22', 'target_23', 'target_24', 'target_25', 'target_26', 'target_27', 'target_28', 'target_29', 'target_3', 'target_30', 'target_31', 'target_32', 'target_33', 'target_34', 'target_35', 'target_36', 'target_37', 'target_38', 'target_39', 'target_4', 'target_40', 'target_41', 'target_42', 'target_43', 'target_44', 'target_45', 'target_46', 'target_47', 'target_48', 'target_49', 'target_5', 'target_50', 'target_51', 'target_6', 'target_7', 'target_8', 'target_9']",,[],[],[],boomlet_619,0.5275200283067261,,1.2360603634733707,1040,2d774f07b3096707,False,0.7.0,0.5275200283067261,0.6943738320267718,0.5652514441465037,0.4301344524526945,"{'context_length': 4000, 'batch_size': 512, 'device': 'cuda', 'seed': 123}"
hd10_s0_10k,autogluon/fev_datasets,boomlet_772,60,20,-1200,60,1,,1440,SQL,"['MASE', {'name': 'WAPE', 'epsilon': 1.0}, {'name': 'WQL', 'epsilon': 1.0}]","[0.1, 0.2, 0.3, 0.4, 0.5, 0.6, 0.7, 0.8, 0.9]",id,timestamp,"['target_0', 'target_1', 'target_10', 'target_11', 'target_12', 'target_13', 'target_14', 'target_15', 'target_16', 'target_17', 'target_18', 'target_19', 'target_2', 'target_20', 'target_21', 'target_22', 'target_23', 'target_24', 'target_25', 'target_26', 'target_27', 'target_28', 'target_29', 'target_3', 'target_30', 'target_31', 'target_32', 'target_33', 'target_34', 'target_35', 'target_36', 'target_37', 'target_38', 'target_39', 'target_4', 'target_40', 'target_41', 'target_42', 'target_43', 'target_44', 'target_45', 'target_46', 'target_47', 'target_48', 'target_49', 'target_5', 'target_50', 'target_51', 'target_52', 'target_53', 'target_54', 'target_55', 'target_56', 'target_57', 'target_58', 'target_59', 'target_6', 'target_60', 'target_61', 'target_62', 'target_63', 'target_64', 'target_65', 'target_66', 'target_7', 'target_8', 'target_9']",,[],[],[],boomlet_772,0.3485938881114101,,1.543695657281205,1340,cf7b0f7fe86838d5,False,0.7.0,0.3485938881114101,0.408273049860021,0.18970480416811478,0.15942445089337934,"{'context_length': 4000, 'batch_size': 512, 'device': 'cuda', 'seed': 123}"
hd10_s0_10k,autogluon/fev_datasets,boomlet_963,60,20,-1200,60,1,,1440,SQL,"['MASE', {'name': 'WAPE', 'epsilon': 1.0}, {'name': 'WQL', 'epsilon': 1.0}]","[0.1, 0.2, 0.3, 0.4, 0.5, 0.6, 0.7, 0.8, 0.9]",id,timestamp,"['target_0', 'target_1', 'target_10', 'target_11', 'target_12', 'target_13', 'target_14', 'target_15', 'target_16', 'target_17', 'target_18', 'target_19', 'target_2', 'target_20', 'target_21', 'target_22', 'target_23', 'target_24', 'target_25', 'target_26', 'target_27', 'target_3', 'target_4', 'target_5', 'target_6', 'target_7', 'target_8', 'target_9']",,[],[],[],boomlet_963,0.7868944638292231,,0.8030342161655426,560,078a1fcb7a454b72,False,0.7.0,0.7868944638292231,0.911503408665259,0.4399441474846729,0.36430183076945916,"{'context_length': 4000, 'batch_size': 512, 'device': 'cuda', 'seed': 123}"
hd10_s0_10k,autogluon/fev_datasets,fred_md_2025,12,20,-240,12,1,,1,SQL,"['MASE', {'name': 'WAPE', 'epsilon': 1.0}, {'name': 'WQL', 'epsilon': 1.0}]","[0.1, 0.2, 0.3, 0.4, 0.5, 0.6, 0.7, 0.8, 0.9]",id,timestamp,"['CPIAUCSL', 'FEDFUNDS', 'PAYEMS']",,[],"['M2REAL', 'NONBORRES', 'PPICMM', 'TOTRESNS']",[],fred_md_2025/cee,4.9880851594000575,,0.23870575753971934,60,764e9294023ee081,False,0.7.0,4.9880851594000575,5.875372154181112,0.11090740640820548,0.09037368530074366,"{'context_length': 4000, 'batch_size': 512, 'device': 'cuda', 'seed': 123}"
hd10_s0_10k,autogluon/fev_datasets,fred_qd_2025,8,20,-160,8,1,,1,SQL,"['MASE', {'name': 'WAPE', 'epsilon': 1.0}, {'name': 'WQL', 'epsilon': 1.0}]","[0.1, 0.2, 0.3, 0.4, 0.5, 0.6, 0.7, 0.8, 0.9]",id,timestamp,"['CPIAUCSL', 'FEDFUNDS', 'PAYEMS']",,[],"['M2REAL', 'NONBORRES', 'PPICMM', 'TOTRESNS']",[],fred_qd_2025/cee,2.9238587200117507,,0.23891840293072164,60,d257091c861020bf,False,0.7.0,2.9238587200117507,3.5940242938678137,0.17677077017193585,0.1480233807938449,"{'context_length': 4000, 'batch_size': 512, 'device': 'cuda', 'seed': 123}"
hd10_s0_10k,autogluon/fev_datasets,fred_md_2025,12,20,-240,12,1,,1,SQL,"['MASE', {'name': 'WAPE', 'epsilon': 1.0}, {'name': 'WQL', 'epsilon': 1.0}]","[0.1, 0.2, 0.3, 0.4, 0.5, 0.6, 0.7, 0.8, 0.9]",id,timestamp,"['AAA', 'AWHMAN', 'BAA', 'BUSINVx', 'CPIAUCSL', 'CPIMEDSL', 'CUMFNS', 'DMANEMP', 'EXUSUKx', 'FEDFUNDS', 'GS1', 'GS10', 'GS5', 'HOUST', 'INDPRO', 'INVEST', 'IPBUSEQ', 'IPCONGD', 'IPDCONGD', 'IPDMAT', 'IPFINAL', 'IPMANSICS', 'IPMAT', 'IPNCONGD', 'IPNMAT', 'M2REAL', 'MANEMP', 'NDMANEMP', 'NONBORRES', 'PAYEMS', 'PERMIT', 'PPICMM', 'S&P 500', 'SRVPRD', 'TB3MS', 'TB6MS', 'TOTRESNS', 'UEMP15T26', 'UEMP27OV', 'UEMP5TO14', 'UEMPLT5', 'UEMPMEAN', 'UMCSENTx', 'UNRATE', 'USCONS', 'USFIRE', 'USGOOD', 'USGOVT', 'USTPU', 'USTRADE', 'VIXCLSx']",,[],[],[],fred_md_2025/macro,6.176395045020483,,0.717881907010451,1020,764e9294023ee081,False,0.7.0,6.176395045020483,7.128563712070742,0.08458403201738593,0.07009006573949822,"{'context_length': 4000, 'batch_size': 512, 'device': 'cuda', 'seed': 123}"
hd10_s0_10k,autogluon/fev_datasets,fred_qd_2025,8,20,-160,8,1,,1,SQL,"['MASE', {'name': 'WAPE', 'epsilon': 1.0}, {'name': 'WQL', 'epsilon': 1.0}]","[0.1, 0.2, 0.3, 0.4, 0.5, 0.6, 0.7, 0.8, 0.9]",id,timestamp,"['AAA', 'AWHMAN', 'BAA', 'BUSINVx', 'CPIAUCSL', 'CPIMEDSL', 'CUMFNS', 'DMANEMP', 'EXUSUKx', 'FEDFUNDS', 'GS1', 'GS10', 'GS5', 'HOUST', 'INDPRO', 'INVEST', 'IPBUSEQ', 'IPCONGD', 'IPDCONGD', 'IPDMAT', 'IPFINAL', 'IPMANSICS', 'IPMAT', 'IPNCONGD', 'IPNMAT', 'M2REAL', 'MANEMP', 'NDMANEMP', 'NONBORRES', 'PAYEMS', 'PERMIT', 'PPICMM', 'S&P 500', 'SRVPRD', 'TB3MS', 'TB6MS', 'TOTRESNS', 'UEMP15T26', 'UEMP27OV', 'UEMP5TO14', 'UEMPLT5', 'UEMPMEAN', 'UMCSENTx', 'UNRATE', 'USCONS', 'USFIRE', 'USGOOD', 'USGOVT', 'USTPU', 'USTRADE', 'VIXCLSx']",,[],[],[],fred_qd_2025/macro,4.147222035665619,,0.7045193605590612,1020,d257091c861020bf,False,0.7.0,4.147222035665619,4.932303651572721,0.11777604662488517,0.09657333033733387,"{'context_length': 4000, 'batch_size': 512, 'device': 'cuda', 'seed': 123}"
hd10_s0_10k,autogluon/fev_datasets,us_consumption_1M,12,10,-120,12,1,,12,SQL,"['MASE', {'name': 'WAPE', 'epsilon': 1.0}, {'name': 'WQL', 'epsilon': 1.0}]","[0.1, 0.2, 0.3, 0.4, 0.5, 0.6, 0.7, 0.8, 0.9]",id,timestamp,target,,[],[],[],us_consumption_1M,1.5347164396235005,,0.2394740057643503,310,03c47cb66fc4f105,False,0.7.0,1.5347164396235005,1.8543793192901863,0.02589121160121479,0.02263373922400628,"{'context_length': 4000, 'batch_size': 512, 'device': 'cuda', 'seed': 123}"
hd10_s0_10k,autogluon/fev_datasets,us_consumption_1Q,8,10,-80,8,1,,4,SQL,"['MASE', {'name': 'WAPE', 'epsilon': 1.0}, {'name': 'WQL', 'epsilon': 1.0}]","[0.1, 0.2, 0.3, 0.4, 0.5, 0.6, 0.7, 0.8, 0.9]",id,timestamp,target,,[],[],[],us_consumption_1Q,2.032874275951592,,0.2969502836931497,310,91f975812d53dcb0,False,0.7.0,2.032874275951592,2.4886080210185315,0.041033412075785494,0.0336090889566332,"{'context_length': 4000, 'batch_size': 512, 'device': 'cuda', 'seed': 123}"
hd10_s0_10k,autogluon/fev_datasets,us_consumption_1Y,5,10,-50,5,1,,1,SQL,"['MASE', {'name': 'WAPE', 'epsilon': 1.0}, {'name': 'WQL', 'epsilon': 1.0}]","[0.1, 0.2, 0.3, 0.4, 0.5, 0.6, 0.7, 0.8, 0.9]",id,timestamp,target,,[],[],[],us_consumption_1Y,6.453489370136952,,0.23377609555609524,310,941764347d4458f0,False,0.7.0,6.453489370136952,8.007396839216423,0.17572311080975053,0.1342506120084976,"{'context_length': 4000, 'batch_size': 512, 'device': 'cuda', 'seed': 123}"
hd10_s0_10k,autogluon/fev_datasets,gvar,8,10,-80,8,1,,4,SQL,"['MASE', {'name': 'WAPE', 'epsilon': 1.0}, {'name': 'WQL', 'epsilon': 1.0}]","[0.1, 0.2, 0.3, 0.4, 0.5, 0.6, 0.7, 0.8, 0.9]",id,timestamp,"['Dp', 'ep', 'eq', 'lr', 'r', 'y']",,[],"['pmat', 'pmetal', 'poil']",[],gvar,0.6238367697119346,,1.6860699111130089,1980,f9353d7e5df197ee,False,0.7.0,0.6238367697119346,0.7793424522453929,0.020684713483705583,0.016364474836375202,"{'context_length': 4000, 'batch_size': 512, 'device': 'cuda', 'seed': 123}"
