dataset,model,eval_metrics/MASE[0.5],eval_metrics/MAE[0.5],eval_metrics/MSE[mean],eval_metrics/mean_weighted_sum_quantile_loss
loop_seattle/5T/short,bl_official_s0_100k,0.5535369315359586,3.48533679816499,41.877471791553795,0.047319748372223275
loop_seattle/5T/medium,bl_official_s0_100k,0.8368717458743511,5.221054798358488,86.92520631772446,0.07869279429839028
loop_seattle/5T/long,bl_official_s0_100k,0.8940560094620039,5.606872312521499,99.94758743263387,0.08563033825084382
loop_seattle/D/short,bl_official_s0_100k,0.8690420835325253,2.8711604162635447,18.18920439886481,0.043415601757732084
loop_seattle/H/short,bl_official_s0_100k,1.0397075762265007,5.091564469992464,75.28367361054532,0.07339671712612877
loop_seattle/H/medium,bl_official_s0_100k,1.3609365269735847,6.670489873581011,108.55298955108358,0.09640913852004519
loop_seattle/H/long,bl_official_s0_100k,1.39081244707801,6.742874688252494,112.58632933436533,0.0989845362697141
m_dense/D/short,bl_official_s0_100k,0.7760625354846449,50.64967013888889,9175.562962962964,0.07198585997862715
m_dense/H/short,bl_official_s0_100k,0.7664061577406085,87.96706814236111,44941.764444444445,0.13223239784633767
m_dense/H/medium,bl_official_s0_100k,0.6962050049600528,82.31615451388889,39972.47111111111,0.1222273740829604
m_dense/H/long,bl_official_s0_100k,0.7078261222765649,83.42533950617283,37948.112592592595,0.12259844167935248
sz_taxi/15T/short,bl_official_s0_100k,0.5731205116852042,2.8701531825921474,18.108442704756182,0.2109835437624573
sz_taxi/15T/medium,bl_official_s0_100k,0.58262134030161,2.9684956346821583,18.260259748931624,0.22253041725886913
sz_taxi/15T/long,bl_official_s0_100k,0.5575441491465438,2.9234842414529916,17.592073985042735,0.22064821074560892
sz_taxi/H/short,bl_official_s0_100k,0.5994255956540079,1.9675272102029915,8.136051014957266,0.1447969857984466
bitbrains_fast_storage/5T/short,bl_official_s0_100k,0.7670966906171984,188.18755174589782,2183244.9201874603,0.4444660907385155
bitbrains_fast_storage/5T/medium,bl_official_s0_100k,1.1127355504823526,363.8519085343125,4698711.875283099,0.8630511449592161
bitbrains_fast_storage/5T/long,bl_official_s0_100k,1.065719914898577,439.10746508275133,6003829.717687016,0.9625116085070816
bitbrains_fast_storage/H/short,bl_official_s0_100k,1.1994817053385771,343.7325313386286,3822547.173842634,0.698137779893204
bitbrains_rnd/5T/short,bl_official_s0_100k,1.7469346556012328,131.09471572038387,1864103.9112497861,0.4343445882811553
bitbrains_rnd/5T/medium,bl_official_s0_100k,4.497444111922699,148.5368957771406,2194679.1585933445,0.5882527911830396
bitbrains_rnd/5T/long,bl_official_s0_100k,3.4523860137447278,195.12122265466957,2611447.587114715,0.6574554575783199
bitbrains_rnd/H/short,bl_official_s0_100k,5.922807836420648,144.71287722177232,1709997.834704403,0.5680456714987314
bizitobs_application/10S/short,bl_official_s0_100k,3.235487288052118,1011.753125,5331632.355555556,0.032188525568781406
bizitobs_application/10S/medium,bl_official_s0_100k,7.860750719914587,2339.7566666666667,22062269.44,0.08555265417596937
bizitobs_application/10S/long,bl_official_s0_100k,9.050067994126694,2660.7272222222223,22327607.751111113,0.09291660375200256
bizitobs_l2c/5T/short,bl_official_s0_100k,0.3166660644581989,3.094074939546131,26.362927827380954,0.08515082440554597
bizitobs_l2c/5T/medium,bl_official_s0_100k,0.925151145090384,9.48199006164966,226.13005952380954,0.43540011925839606
bizitobs_l2c/5T/long,bl_official_s0_100k,1.1765723366559055,11.865669642857142,282.66563492063494,0.6016566049217685
bizitobs_l2c/H/short,bl_official_s0_100k,0.7787585340304591,8.121488056485616,155.55594308035714,0.32762098559580605
bizitobs_l2c/H/medium,bl_official_s0_100k,0.991349117796206,9.96713634672619,190.91212797619048,0.47725046656428827
bizitobs_l2c/H/long,bl_official_s0_100k,1.0920651874316198,10.790347532242064,205.41218998015873,0.5338423310110838
bizitobs_service/10S/short,bl_official_s0_100k,1.836479194323776,46.635460482804234,27102.824126984127,0.027888322028849118
bizitobs_service/10S/medium,bl_official_s0_100k,4.598104752026875,133.73515873015873,183036.01777777777,0.09157430067543797
bizitobs_service/10S/long,bl_official_s0_100k,4.799824427023373,152.52478835978835,209911.68338624339,0.1037280654750337
car_parts/M/short,bl_official_s0_100k,0.8518386287502885,0.467801979564648,1.3578020807628346,0.9736510861493888
covid_deaths/D/short,bl_official_s0_100k,43.600138364181156,213.7938753132832,1740219.9899749374,0.06604991943157018
electricity/15T/short,bl_official_s0_100k,1.3498498664947391,69.19825943130631,183949.22506193694,0.11162842348119859
electricity/15T/medium,bl_official_s0_100k,1.21926210700147,72.09345734797297,361397.2000945946,0.10190108151505231
electricity/15T/long,bl_official_s0_100k,1.2693744334842278,77.22486467717718,433527.77555555553,0.0999157250508307
electricity/D/short,bl_official_s0_100k,1.5224597602956513,4683.651117117117,1560999038.1272793,0.060347021920660465
electricity/H/short,bl_official_s0_100k,1.0403138464015382,198.284027660473,1955062.607927928,0.07664753322840318
electricity/H/medium,bl_official_s0_100k,1.3339121840003645,307.8046002252252,8020874.338738739,0.09934812317203193
electricity/H/long,bl_official_s0_100k,1.5964621820027451,388.8039099099099,15244734.886822823,0.13015140477815093
electricity/W/short,bl_official_s0_100k,1.8300933608150884,36911.813513513516,70141660660.0072,0.0651290157530556
ett1/15T/short,bl_official_s0_100k,0.774914882493995,1.1428294590541295,4.647586495535714,0.16911160381142784
ett1/15T/medium,bl_official_s0_100k,1.187447430099684,1.7658592199900793,10.773448660714285,0.2809418429061592
ett1/15T/long,bl_official_s0_100k,1.222039566076802,1.7704620845734127,10.138912450396825,0.284052180217216
ett1/D/short,bl_official_s0_100k,1.7644076598125875,134.24781746031746,40217.171428571426,0.27800522760587976
ett1/H/short,bl_official_s0_100k,0.8672712169112363,5.1483334495907735,107.2139880952381,0.1922586292799805
ett1/H/medium,bl_official_s0_100k,1.2915819283115784,7.181735956101191,161.8919642857143,0.27885542384859197
ett1/H/long,bl_official_s0_100k,1.47314556078699,7.8491650132275135,181.85026455026454,0.31019218643524316
ett1/W/short,bl_official_s0_100k,1.5197519401316213,844.2585100446429,1123509.2857142857,0.24793297915862722
ett2/15T/short,bl_official_s0_100k,0.8911544584485547,2.033804902576265,9.680052548363095,0.0753998351595022
ett2/15T/medium,bl_official_s0_100k,1.1274445152788746,2.7793768601190476,20.61326140873016,0.12213819727000155
ett2/15T/long,bl_official_s0_100k,1.1119179656756775,2.6474314856150793,17.870797371031745,0.11751128466208899
ett2/D/short,bl_official_s0_100k,1.4537340663027645,206.45159970238095,107768.36825396825,0.09645358781098214
ett2/H/short,bl_official_s0_100k,0.784874096098246,6.803960890997024,119.3132068452381,0.06851036432567288
ett2/H/medium,bl_official_s0_100k,1.0996562071290479,9.902283296130953,244.9286644345238,0.1097008638834176
ett2/H/long,bl_official_s0_100k,1.2476865729218967,11.016136532738095,284.3338624338624,0.1256515278485354
ett2/W/short,bl_official_s0_100k,1.0462599509631711,1488.1922433035713,4212808.571428572,0.10266126281158326
hierarchical_sales/D/short,bl_official_s0_100k,0.7496893331622096,2.313977721940885,29.420846682513435,0.5786611520334292
hierarchical_sales/W/short,bl_official_s0_100k,0.7837139375897857,9.464547884666313,498.73132944915255,0.364873193192709
hospital/M/short,bl_official_s0_100k,0.7692558546068211,18.609525240384617,3174.4932637983484,0.05361317192139116
jena_weather/10T/short,bl_official_s0_100k,0.32847107673202913,5.553641958085318,760.316121031746,0.028022591517523534
jena_weather/10T/medium,bl_official_s0_100k,0.6663972794810382,9.823628021284271,1463.2362193362194,0.051232364782142346
jena_weather/10T/long,bl_official_s0_100k,0.7663282742341871,10.37803302744709,1480.9272486772486,0.055294601828887624
jena_weather/D/short,bl_official_s0_100k,1.204182314923794,10.164617435515874,394.62142857142857,0.050154441831331976
jena_weather/H/short,bl_official_s0_100k,0.5517229663473836,9.810484055190058,1413.781746031746,0.050222299549097245
jena_weather/H/medium,bl_official_s0_100k,0.9385563587044723,15.853648933531746,3186.1875,0.08155640122093055
jena_weather/H/long,bl_official_s0_100k,1.1669779106875613,21.11740658068783,4837.239682539683,0.10584922875117836
kdd_cup_2018/D/short,bl_official_s0_100k,1.237322468900872,22.216757783928454,3077.640055127502,0.39970281437442917
kdd_cup_2018/H/short,bl_official_s0_100k,0.9576521312825448,23.20474349530262,4776.602239866955,0.3923995854236002
kdd_cup_2018/H/medium,bl_official_s0_100k,1.117825994869374,27.56671733691908,5685.430871066685,0.491926698632598
kdd_cup_2018/H/long,bl_official_s0_100k,1.1111212617952637,26.137729338649294,4536.771823606611,0.533142202036145
m4_daily/D/short,bl_official_s0_100k,3.5166873003161903,187.39799999577545,348160.336746764,0.023143620700788105
m4_hourly/H/short,bl_official_s0_100k,1.0670684208522574,261.8379126409018,1361420.4702093399,0.028539815747288595
m4_monthly/M/short,bl_official_s0_100k,1.032578189052214,599.0420936053241,2045725.1861666667,0.09972227322092325
m4_quarterly/Q/short,bl_official_s0_100k,1.2826438028678573,598.7410774739583,1953654.872,0.08011156930979686
m4_weekly/W/short,bl_official_s0_100k,2.3909337759632625,305.3141739875723,387032.47825155343,0.04443821306816163
m4_yearly/A/short,bl_official_s0_100k,3.835039012129018,1022.9079584530339,4533482.673631061,0.1326308862687119
restaurant/D/short,bl_official_s0_100k,0.6800327829097352,7.10295506152517,139.7599234145886,0.2561356982072774
saugeen/D/short,bl_official_s0_100k,2.857218556747194,12.862633463541666,1066.2688541666666,0.339511206686689
saugeen/M/short,bl_official_s0_100k,0.7379563952926729,12.596859886532737,380.0088123139881,0.3047818170257701
saugeen/W/short,bl_official_s0_100k,1.3419544508911492,16.544277954101563,1267.1111328125,0.41305808742117656
solar/10T/short,bl_official_s0_100k,1.2469052780990608,2.803857169418149,34.88992382337287,0.6350724574713951
solar/10T/medium,bl_official_s0_100k,0.9141246005565175,2.099578140552422,22.87307702941827,0.3806451695654739
solar/10T/long,bl_official_s0_100k,0.9327192657628943,2.147042373941859,22.420801414867192,0.3722074640218051
solar/D/short,bl_official_s0_100k,1.0611251952171128,271.65994525547444,170867.21557177615,0.31642087036297545
solar/H/short,bl_official_s0_100k,0.9902158721427833,12.814329225743133,898.4246742540658,0.39126958826602026
solar/H/medium,bl_official_s0_100k,1.1019103975294995,14.347310295012166,1058.0925790754259,0.4462761807370448
solar/H/long,bl_official_s0_100k,1.1591474027427024,15.165835360908353,1090.2350364963504,0.45275218845741055
solar/W/short,bl_official_s0_100k,1.7751188092569494,1624.5047901459855,4278862.948905109,0.2518315558965904
temperature_rain/D/short,bl_official_s0_100k,1.3849598080194918,5.960937515906547,189.99303475716218,0.5655673682602932
us_births/D/short,bl_official_s0_100k,0.4540880863823686,308.65088541666665,239234.82666666666,0.023790838354713992
us_births/M/short,bl_official_s0_100k,0.6743330358336431,5970.553385416667,54518618.666666664,0.015148597130726638
us_births/W/short,bl_official_s0_100k,1.7542117192849946,1930.1749441964287,6716908.0,0.020855736550881368
