config,BL_s0,BL_s1,BL_s2,BL_s7,BL_s42,HD_s0,HD_s1,HD_s2,HD_s7,HD_s42,BL_mean,HD_mean,BL_std,HD_std,delta_pct,hd_seed_wins,dataset_name,term,ds_base
solar/10T/long,1.818241684884432,1.1150236993110254,1.8160083423029545,1.5358656435322728,1.4066088158315535,1.0344951524460848,1.120424274740189,1.0141052092223073,0.9452857533994532,1.377251947315581,1.5383496371724479,1.098312467424723,0.29664818337779686,0.16798575288916726,28.60449660563068,4,solar/10T,long,solar
solar/10T/medium,1.4714909143301225,0.9692384249509848,1.392880271823735,1.2745721348905867,1.294575579362225,1.0076890519743833,1.07028059218769,0.9592389054820551,0.9531648629199452,1.2639195661068634,1.2805514650715308,1.0508585957341874,0.19119615008525687,0.12803713682355308,17.93702756995502,4,solar/10T,medium,solar
LOOP_SEATTLE/H/long,1.3572307886683896,1.4699789902782274,1.3951085070985272,1.2001200334221935,1.3127403874088182,1.026409085229822,1.1781471525759886,1.122849927329732,1.118303900633438,1.0837105585174307,1.347035741375231,1.1058841248572824,0.10036230466595082,0.05583901733320722,17.902391830505504,5,LOOP_SEATTLE/H,long,LOOP_SEATTLE
LOOP_SEATTLE/H/medium,1.310296619943675,1.4674713224417455,1.323685319635986,1.2063477732153294,1.3312074427229126,1.0757643323322092,1.2109731534173132,1.116813477005047,1.1106301368608509,1.090391832296583,1.3278016955919296,1.1209145863824008,0.09299681615922402,0.05292286475203385,15.581175253530551,5,LOOP_SEATTLE/H,medium,LOOP_SEATTLE
us_births/M/short,0.904086757991856,1.27876502924377,0.9649841071269164,0.8485041652183417,0.84254724138711,0.7111428442183856,0.6629767780817132,1.0701843787235406,0.7651524821784735,0.905750868030328,0.9677774601935989,0.8230414702464882,0.18075280293028445,0.16538863686525007,14.955503294957603,3,us_births/M,short,us_births
bizitobs_l2c/H/medium,1.1051854845127322,0.7438491906534211,0.9020514312662634,1.190386455306713,1.0653414034773814,0.812015063218541,0.9842571828782822,0.8081633391283112,0.9111917243699208,0.8904675133887839,1.001362793043302,0.881218964596768,0.17802974522978438,0.07370054407594494,11.998032010096729,4,bizitobs_l2c/H,medium,bizitobs_l2c
LOOP_SEATTLE/5T/long,0.893896623338789,0.7334698712817943,0.7150151530741733,0.735908673132481,0.8326030280760554,0.67385584125993,0.7746927412404604,0.7082532406670642,0.6801599326549554,0.687608270838207,0.7821786697806588,0.7049140053321233,0.07753695034325055,0.04110074389108815,9.878134936893925,4,LOOP_SEATTLE/5T,long,LOOP_SEATTLE
bizitobs_l2c/H/short,0.8323334545074945,0.6457140733228423,0.7610563690794907,0.9009991277508674,0.8471738946573169,0.7122096150615919,0.7758590893260008,0.6614822397543442,0.7559445835921368,0.7057633982159747,0.7974553838636023,0.7222517851900097,0.09843783651048253,0.04492938197673672,9.430445915260826,4,bizitobs_l2c/H,short,bizitobs_l2c
m4_hourly/short,1.3150290073247315,1.0673761131915092,1.0942254861029772,1.067471980252615,1.0931222587244491,1.0427009985066091,1.0075820077581374,0.9937607662463808,1.032443689979386,1.0372117964128105,1.1274449691192565,1.0227398517806647,0.10568157447759587,0.021045169693139496,9.286938183810948,5,m4_hourly,short,m4_hourly
LOOP_SEATTLE/5T/medium,0.8393852535187222,0.6949781590552923,0.6837956251686056,0.6994293676932598,0.7763152978404454,0.6451568376321696,0.7119037486538717,0.674419249103329,0.6519497166751933,0.6693026584054691,0.7387807406552651,0.6705464420940064,0.06712054570971446,0.026064547995856665,9.236068945264869,4,LOOP_SEATTLE/5T,medium,LOOP_SEATTLE
LOOP_SEATTLE/H/short,1.0504720622746224,1.0379736755821338,1.0260146331297275,0.989839636738691,1.0728879184509048,0.926272561951338,0.9613132685299378,0.9697358102235416,0.949003194795124,0.963712263808034,1.035437585235216,0.9540074198615951,0.0308340706262422,0.017242435268729275,7.864323889220494,5,LOOP_SEATTLE/H,short,LOOP_SEATTLE
us_births/D/short,0.5038952249150002,0.5218186027600031,0.5153800373776234,0.5491542330388217,0.5094657200566822,0.4474906014992091,0.4924211983864581,0.4996077430916567,0.491254226848662,0.4727464636904129,0.5199427636296262,0.4807040467032797,0.017641847473868225,0.021049962895104066,7.546737770216885,5,us_births/D,short,us_births
ett1/15T/long,1.1759189675800756,1.0886970611031688,1.1115832089810438,1.149368131346928,1.1549497903924535,1.0022191806340623,1.151973413148857,1.0554331781124708,1.0380117963954345,1.0637396362483884,1.1361034318807337,1.0622754409078428,0.035231447903317635,0.05543050941359494,6.4983511977139505,4,ett1/15T,long,ett1
us_births/W/short,1.568659334455848,1.611020871616539,1.4726576173106096,1.526627466847151,1.5805712932695744,1.4158187474654642,1.4737605909697236,1.3889809512244686,1.4922119982581858,1.4867866276110633,1.5519073166999444,1.451511783105781,0.053656900041922306,0.04631395402219615,6.4691707110221985,5,us_births/W,short,us_births
electricity/15T/medium,1.149073737612048,1.1018774735825858,1.0962440911111857,1.0995079085995632,1.1223049943998862,1.059765406608294,1.0423555329051746,1.044254066056475,1.0307202416226056,1.0494098039855209,1.113801641061054,1.045301010235614,0.022199053645848395,0.010588575100901556,6.150164293184516,5,electricity/15T,medium,electricity
M_DENSE/H/long,0.7957095066069391,0.8031733089597463,0.7578125124060832,0.7375625208716826,0.7917954960276745,0.7256176330852624,0.726936701424598,0.7542392404190572,0.7293452187604113,0.7110763227604361,0.7772106689744251,0.729443023289953,0.028183536750919048,0.015597378766090284,6.146035764988187,5,M_DENSE/H,long,M_DENSE
bizitobs_l2c/H/long,1.1592927335902918,0.8813153379514937,1.0269419066110106,1.256392281172151,1.2079906766425446,1.0002789708908035,1.1089687521886784,0.963100135532028,1.1288923220591696,0.9975417971828198,1.1063865871934984,1.0397563955706999,0.15214523000537677,0.07408151807147227,6.0223246010072415,4,bizitobs_l2c/H,long,bizitobs_l2c
m4_yearly/short,4.155805989958166,4.401697728041032,4.40149126296732,4.514175425141516,4.45549034915897,4.325744761896601,3.906222182743375,4.133452654851291,4.076418725245652,4.191493239526778,4.385732151053402,4.126666312852739,0.13668684069275444,0.15411136257057603,5.907014593639461,4,m4_yearly,short,m4_yearly
m4_weekly/short,2.62135407912067,2.5824846733819933,2.659315577294736,2.6554723937108697,2.674206494236922,2.4812517506494234,2.462729198201856,2.618158196557494,2.493182342551896,2.381576942803005,2.638566643549038,2.487379686152735,0.03683741762525673,0.08511185031335593,5.729889664372745,5,m4_weekly,short,m4_weekly
electricity/15T/long,1.1856871270903682,1.1547915733265703,1.1325783216421486,1.1472160023845586,1.16357886165151,1.095710989094467,1.086264961100248,1.0940958483025989,1.0782986131268335,1.098333282911576,1.1567703772190314,1.0905407389071446,0.01976734162543216,0.008189107877984337,5.725391972009875,5,electricity/15T,long,electricity
SZ_TAXI/15T/long,0.5741580922070475,0.5549031347306248,0.601222438287508,0.574099227609624,0.5941656701841865,0.5432942921059158,0.534881393457901,0.5612912795421352,0.5728091043978633,0.5231853371571595,0.5797097126037982,0.547092281332195,0.018367337943927954,0.019987740138560858,5.626511090369733,5,SZ_TAXI/15T,long,SZ_TAXI
jena_weather/H/long,1.1366886774140652,1.094941380503158,1.1376981463042448,1.10514450094762,1.2525691651977289,1.0651316591001914,1.056865632350373,1.161773427854623,1.1195994247833057,1.0213631813953274,1.1454083740733634,1.084946665096764,0.06282318997707546,0.055513970070840066,5.278615936915329,3,jena_weather/H,long,jena_weather
SZ_TAXI/15T/medium,0.5995993769945032,0.5820436058373482,0.6127269076422858,0.5842183699713132,0.6061879745816741,0.5639268069002921,0.5611911745667497,0.5708329614783902,0.5814752920210997,0.55436192527601,0.5969552470054248,0.5663576320485084,0.0134681572611869,0.010308617649042968,5.125612868034364,5,SZ_TAXI/15T,medium,SZ_TAXI
bizitobs_application/medium,6.485441916722878,5.888426739264808,6.759175841206373,7.341662363490932,5.768810966132487,5.3065259063906,7.0556583210634605,6.4446235254597575,5.495321003491191,6.318522420302739,6.448703565363495,6.12413023534155,0.6463904052569879,0.7197441791798455,5.03315630393145,3,bizitobs_application,medium,bizitobs_application
ett2/15T/medium,1.0668200685044662,1.01203199360047,1.0139898263053186,1.0507245104459546,1.018717724815391,0.9789356658434764,0.993640511086888,1.0170023885805477,0.9326753657485778,0.9900006476127065,1.0324568247343202,0.9824509157744392,0.02480679084480142,0.031088471052833813,4.843389840805101,4,ett2/15T,medium,ett2
ett2/15T/short,0.9065645155291908,0.8579016484773634,0.8284262891787362,0.8420271305164067,0.8295487886025371,0.7940835395353749,0.8029963902743319,0.8402612096443869,0.807842197872313,0.8215323455792696,0.8528936744608467,0.8133431365811352,0.03227753630743349,0.018027016985862534,4.637217869473968,4,ett2/15T,short,ett2
electricity/W/short,1.9127272458540523,1.9194347921208377,2.0677931563723138,2.0607829258660835,2.1539217286159604,1.8736331118971343,1.9110726455631848,2.0310601061733964,1.867371111975063,1.9684794503217664,2.0229319697658497,1.930323285186109,0.10423565227168036,0.0691938202188309,4.577943596909982,5,electricity/W,short,electricity
electricity/H/long,1.3447515274604431,1.4021083779967836,1.3845826029779076,1.3660951048140837,1.3857435196148555,1.2791437780169794,1.2699305516956445,1.3296099917346398,1.3540625252303669,1.339653642791755,1.3766562265728148,1.314480097893877,0.02192410470298321,0.03762548063851678,4.516460063070734,5,electricity/H,long,electricity
M_DENSE/H/medium,0.7574410435314649,0.7555057688046544,0.7452814503020991,0.7257481127549619,0.7545802918681279,0.7178316371251483,0.7140830606306536,0.7256632805074292,0.7142612445903275,0.6993811213618005,0.7477113334522615,0.7142440688430718,0.01314239766869634,0.009542044693038097,4.4759605895858,5,M_DENSE/H,medium,M_DENSE
ett2/15T/long,1.0850257348643482,1.046550579870238,1.040004641322152,1.0484061627592136,1.062625281499508,1.0154725678500809,1.01171559311233,1.0278315526863409,0.9686919697143695,1.0242827900520872,1.056522480063092,1.0095988946830419,0.01794318893301044,0.0237718507913281,4.441323896605391,5,ett2/15T,long,ett2
solar/H/long,0.9724307245953384,1.0295934912642797,1.0615478542287171,1.1884446857829414,1.0744967022884266,1.0464007749444588,1.0304108386365454,1.0393809093450714,0.987634053309551,0.9890072919754582,1.0653026916319406,1.018566773642217,0.07931413589566934,0.02819059192676827,4.3871022158151725,3,solar/H,long,solar
ett1/15T/medium,1.151170775399883,1.1086871072038182,1.0841924882661107,1.1067022591637576,1.0824958360215189,1.0467001611938485,1.1082134103558905,1.044120786483976,1.0539120352499347,1.0473814266232475,1.1066496932110177,1.0600655639813794,0.02772190221329249,0.027156206877925863,4.209473830374573,5,ett1/15T,medium,ett1
electricity/H/medium,1.191816075162038,1.220115070215037,1.20041757250614,1.19943838884987,1.198804639459457,1.137948355645282,1.1388529337611022,1.1698193364084228,1.1666746701091373,1.1745226402184976,1.2021183492385084,1.1575635872284882,0.010619255137856382,0.017717721077898842,3.7063540406186926,5,electricity/H,medium,electricity
bizitobs_service/short,1.5123522011082362,1.6377654218509463,1.7013508837774676,1.6394630937494588,1.6560924957877443,1.4465929970617368,1.6110794694749595,1.5902488242263622,1.5437736526354102,1.6758442549360997,1.6294048192547705,1.5735078396669135,0.07028664925782986,0.08537582938472847,3.430515175070012,4,bizitobs_service,short,bizitobs_service
bizitobs_application/short,2.438578274893511,2.7704878421510357,2.839873813469374,2.6252652028496666,2.723503770016778,2.4499531957162275,2.4978108010822053,2.5964403711030237,2.521540355947974,2.892495733455465,2.679541780676073,2.5916480914609794,0.1556595334084944,0.17630247074439837,3.2801761050696236,3,bizitobs_application,short,bizitobs_application
ett1/W/short,1.5918179820455525,1.5979924062739148,1.5069304210054248,1.5999721616877014,1.5057011119402337,1.6126877808906717,1.5013802402072425,1.410146570623234,1.4504612474885132,1.5844256767245142,1.5604828165905655,1.5118203031868351,0.049540802692853346,0.08610642375790294,3.1184267385943483,3,ett1/W,short,ett1
bitbrains_fast_storage/5T/long,1.0291047406284175,1.0055258428471985,1.0495542022040183,1.0355490249830366,1.0510495684180727,1.0113431356446043,1.0135498848507074,0.9941548127069152,1.0016658533764409,1.003224419196068,1.0341566758161487,1.0047876211549471,0.01850431653131761,0.007826200949660165,2.839903792916456,4,bitbrains_fast_storage/5T,long,bitbrains_fast_storage
bizitobs_service/medium,3.396917078209829,3.2311127498372603,3.660149539991752,3.930515111577924,3.241014287838735,3.0818470704842924,3.7860048025733706,3.498271152781068,3.126932320118184,3.471733714024485,3.4919417534911,3.3929578119962804,0.3002775803074078,0.29126531509194475,2.83463896257317,3,bizitobs_service,medium,bizitobs_service
ett1/15T/short,0.783659879838263,0.7337039672559343,0.7120744282317769,0.7141026676507932,0.7204182141599479,0.7343048310129401,0.6787629200051403,0.7355312076120253,0.7046590131502077,0.7139221672424828,0.7327918314273432,0.7134360278045592,0.02966476185232166,0.02346913206927515,2.6413781912773873,4,ett1/15T,short,ett1
SZ_TAXI/H/short,0.5891888724351604,0.5904882284443752,0.5867438438620529,0.5875282318717261,0.5924785344808308,0.5673691413153054,0.5754209773974166,0.5823953980134735,0.5759087741612036,0.571952225479556,0.589285542218829,0.574609303273391,0.0023021386243159566,0.005532872634428407,2.4905140028003685,5,SZ_TAXI/H,short,SZ_TAXI
ett2/H/long,1.1842943506871124,1.165188207741689,1.1149282650745196,1.15359768997985,1.137687952176469,1.1125435592093391,1.163758922790438,1.1231867952448304,1.042201334560308,1.1771870854544144,1.151139293131928,1.123775539451866,0.026433173687320694,0.05299131790487297,2.377101871452309,3,ett2/H,long,ett2
SZ_TAXI/15T/short,0.5777483830981867,0.5643303091224005,0.5689256948001328,0.5662469820378584,0.5673979268877486,0.5547771849549659,0.5587232786509959,0.559432795036578,0.5551759078533992,0.557345663871565,0.5689298591892653,0.5570909660735008,0.005207371901399073,0.002075723323456305,2.0809055676274566,5,SZ_TAXI/15T,short,SZ_TAXI
bizitobs_application/long,7.118594681346685,6.5336128202386,7.464098353401889,7.894682658953453,6.640327729130377,5.869501772301351,7.973117309356774,7.55397728612005,6.445116797908726,7.139125858185639,7.1302632486142015,6.996167804774506,0.5683193676285293,0.8454366206159711,1.8806520764258896,2,bizitobs_application,long,bizitobs_application
M_DENSE/D/short,0.7865049858361639,0.7722088230160427,0.7826657665741784,0.7450495940727501,0.8710205688843241,0.8195267806929407,0.8179192416012504,0.7799833600431086,0.7296155446715102,0.7459620362711715,0.7914899476766919,0.7786013926559964,0.04731887556090065,0.04088896964185486,1.6283914986574468,3,M_DENSE/D,short,M_DENSE
ett2/H/medium,1.1244704702957788,1.1294159539773063,1.071295601360054,1.1377563411213674,1.0789539364164262,1.0927821760451082,1.1300459140313568,1.0342134299654795,1.1023054281760083,1.096352458465527,1.1083784606341864,1.091139881336696,0.030844488326183753,0.03503154925995873,1.55529721207565,3,ett2/H,medium,ett2
saugeenday/D/short,2.947011849548465,3.01489828015341,3.150796181455211,3.165597797415873,2.8854841146632397,2.9452465394925578,3.030396966119659,3.0369911109113588,3.057438914615717,2.8599118877817937,3.0327576446472397,2.985997083784217,0.12343054045753145,0.08251327023218352,1.541849575272001,4,saugeenday/D,short,saugeenday
electricity/D/short,1.5366158440048787,1.5542847679642686,1.5353162101439275,1.525783747921121,1.5540236187473857,1.5046841351871318,1.5212828031282153,1.5291359110747011,1.5144537563190483,1.518196121427621,1.5412048377563163,1.5175505454273435,0.012539443078294915,0.008995857773879942,1.5347922449691214,5,electricity/D,short,electricity
bitbrains_fast_storage/5T/medium,1.1144126372341,1.078674247943244,1.1161319923059485,1.1140368250603654,1.0997411114602895,1.096701121775887,1.1115579207069903,1.066085499169172,1.079039134856716,1.0875180026276308,1.1045993628007895,1.0881803358272792,0.01592232535445152,0.017257587573224945,1.4864237230663138,4,bitbrains_fast_storage/5T,medium,bitbrains_fast_storage
car_parts_with_missing/short,0.8839633199336572,0.8807554894863696,0.8813139140920425,0.8694567453642182,0.8724032999211974,0.8661935381702843,0.8524472445165805,0.8684380967470542,0.8707673635560588,0.8655743952955572,0.877578553759497,0.864684127657107,0.006276107480472865,0.007139857290080075,1.4693187347333188,4,car_parts_with_missing,short,car_parts_with_missing
kdd_cup_2018_with_missing/H/medium,1.011046004033451,1.0270216058110166,1.0751757982805683,1.0544402097603045,1.0214749475496705,1.0304293762810983,1.0400295457856683,1.011185245292583,1.0124108008906525,1.0231062283476933,1.037831713087002,1.023432239319539,0.026326314156915647,0.012206532661665591,1.3874574833170445,2,kdd_cup_2018_with_missing/H,medium,kdd_cup_2018_with_missing
ett2/H/short,0.7883787486131442,0.787513542146509,0.7845137371882912,0.7997821679377615,0.7782147268753079,0.7792763999742544,0.7680522722884712,0.7857763433556241,0.7806070913234064,0.7712491023910116,0.7876805845522028,0.7769922418665536,0.007851672440385926,0.007217195800994011,1.356938700187152,4,ett2/H,short,ett2
m4_daily/short,3.499468804620008,3.33429289764412,3.4610576975828877,3.607565013200877,3.4005346864829957,3.41136741604496,3.3332466775035305,3.3536683411695387,3.512501094083261,3.4598041134681408,3.460583819906178,3.414117528453886,0.10328484067042133,0.07410862286409171,1.3427298360757964,4,m4_daily,short,m4_daily
hierarchical_sales/W/short,0.7655851669115432,0.7492886171204602,0.7672524085187551,0.7574885121617952,0.7720452797618932,0.7524497065614338,0.7467129626383576,0.7488197180931037,0.7512572101533581,0.7613853703635302,0.7623319968948893,0.7521249935619567,0.008982351168536847,0.005630896680955498,1.3389183944144365,5,hierarchical_sales/W,short,hierarchical_sales
bitbrains_rnd/5T/long,3.480599863623462,3.5074534879381662,3.584484251643072,3.4758536519916965,3.557360231198534,3.4881252962765,3.480603098937878,3.452873780545823,3.4721458268025525,3.477781301302569,3.5211502972789868,3.4743058607730646,0.047974147777481484,0.01329201360434903,1.3303731039859847,4,bitbrains_rnd/5T,long,bitbrains_rnd
ett1/H/short,0.8736605965620822,0.86234574388461,0.8770187826580602,0.8613131723489705,0.8752426021102732,0.8441296176621029,0.8700651790883464,0.8462585191167721,0.8542085215894003,0.8775008287802636,0.8699161795127992,0.8584325332473771,0.0074860142269828215,0.01474398718604716,1.320086525101023,3,ett1/H,short,ett1
jena_weather/D/short,1.3245532854715072,1.2426836428116466,1.287258112884798,1.2849311291584844,1.3162191538657082,1.2839023479275875,1.26763055088029,1.2622352205130392,1.2392912004124568,1.3300652761617195,1.2911290648384288,1.2766249191790187,0.03219879145014062,0.033876988389468024,1.1233691545178872,3,jena_weather/D,short,jena_weather
saugeenday/W/short,1.4207925155801702,1.4395387397722244,1.472220842509505,1.429098474155359,1.4292482733947414,1.4313524348618734,1.4152108867979662,1.418627186162822,1.3773595514532528,1.475507991583211,1.4381797690824,1.4236116101718252,0.020156882190251545,0.035312265369450535,1.0129581310874467,3,saugeenday/W,short,saugeenday
covid_deaths/short,44.57791410260442,52.179695333113465,47.606903043172565,45.17642710199468,46.03208901914277,43.93148519024695,46.7925146577276,47.28506034998475,47.87435617053804,47.44037746149596,47.11460572000558,46.664758765998656,3.052076038042206,1.576117881437091,0.9547929928147748,3,covid_deaths,short,covid_deaths
bitbrains_fast_storage/H/short,1.2091021916566396,1.2235030878847746,1.2138402612026498,1.2177428259589478,1.2047322986718434,1.207371058148946,1.211544056112471,1.1992753063618842,1.1975856341600253,1.195543604601377,1.213784133074971,1.2022639318769408,0.007314177394240945,0.006859019523100844,0.9491144993669687,5,bitbrains_fast_storage/H,short,bitbrains_fast_storage
kdd_cup_2018_with_missing/H/long,0.9961997122956616,1.0134082690427135,1.0501150015644236,1.0303294092080386,1.0114011499731017,1.0175388894674704,1.0234059315802977,1.014829245033564,0.9936999652025724,1.0053006536674671,1.0202907084167878,1.0109549369902742,0.020597525886025796,0.01165215570834461,0.9150109228182833,3,kdd_cup_2018_with_missing/H,long,kdd_cup_2018_with_missing
M_DENSE/H/short,0.8161405011951102,0.8144301050953177,0.8235122923287552,0.8210102663631148,0.8096120363039746,0.8194530284464592,0.8043487759372422,0.8164231418003255,0.8114066074441952,0.7993975017827202,0.8169410402572546,0.8102058110821885,0.005486344685044854,0.008317640181353681,0.8244449529607619,4,M_DENSE/H,short,M_DENSE
bitbrains_rnd/5T/medium,4.538687841278434,4.54310866759315,4.602296216254913,4.534628880515849,4.569209169936182,4.540278381518557,4.532531104842887,4.512556376300279,4.511696756803075,4.522529199616763,4.557586155115706,4.523918363816312,0.028407148785559378,0.012472186082263408,0.7387197993306769,4,bitbrains_rnd/5T,medium,bitbrains_rnd
electricity/H/short,1.001939516744285,1.0314049146905446,1.0241008364654236,0.9966514867553616,0.9956530969093672,1.0072726367107334,1.0271552168897824,0.9971926128066296,0.9909733292368909,0.9901092774861792,1.0099499703129964,1.002540614626043,0.016628133325302635,0.015372150430499158,0.7336359131390628,4,electricity/H,short,electricity
restaurant/short,0.6978025634262383,0.6969996477050447,0.6944147297536031,0.6989663742788288,0.6931334140941942,0.6883109486238272,0.690821194138949,0.6923740371362219,0.6907408373441238,0.6961680397097518,0.6962633458515818,0.6916830113905748,0.0024203072182916886,0.0028980262169646517,0.657845122581448,4,restaurant,short,restaurant
bitbrains_rnd/5T/short,1.798633865935353,1.7907094158484342,1.8036287848599093,1.7942472767941735,1.7989293838050322,1.7900212683860686,1.791792909725021,1.7868772454979074,1.7793516742222968,1.7830887615206366,1.7972297454485804,1.7862263718703861,0.004929955568788088,0.005072407864868623,0.6122407892513408,4,bitbrains_rnd/5T,short,bitbrains_rnd
kdd_cup_2018_with_missing/H/short,0.9294637110432182,0.9308371822402172,0.951516593150607,0.9563022454352832,0.940044316175401,0.9299290310279944,0.9618331906181294,0.9393043490826628,0.9231429479562188,0.9264511562575168,0.9416328096089452,0.9361321349885046,0.012041982458639173,0.01558465615943037,0.5841634408135249,3,kdd_cup_2018_with_missing/H,short,kdd_cup_2018_with_missing
m4_monthly/short,1.0066041350529815,1.0134743224364555,0.992170717592135,0.9864630733728496,0.9949434619105396,1.0068434136652389,0.9933043490359524,0.9926474084865238,0.9993295443932828,0.9837453376253898,0.9987311420729922,0.9951740106412774,0.01103671810034643,0.008572300560097708,0.3561650660388433,2,m4_monthly,short,m4_monthly
ett1/D/short,1.6248642906739037,1.6981305587463584,1.7096807891630306,1.6733639437249035,1.6681510848441434,1.6722003615227017,1.6462505868522703,1.680550523635914,1.6655731843530248,1.681848854965038,1.6748381334304678,1.6692847022657897,0.03279032841226159,0.014470863581660403,0.33158017206733587,3,ett1/D,short,ett1
m4_quarterly/short,1.316900959248943,1.438910733710369,1.3680006298261682,1.317712176966085,1.3271160236889448,1.391666420156073,1.362015254057937,1.3294938962505665,1.3562889723134255,1.3106920065488106,1.353728104688102,1.3500313098653627,0.05201291620103161,0.031167378017973944,0.2730825200375864,3,m4_quarterly,short,m4_quarterly
solar/H/medium,0.9116467488936416,0.9772390828430056,0.92074064075397,1.0189129867624929,0.9806854634463223,0.9795171219863448,0.975418495568382,0.9546496060733206,0.9407775528938565,0.9470080737281787,0.9618449845398864,0.9594741700500166,0.04488354020611592,0.017205993917180095,0.24648613113099319,3,solar/H,medium,solar
bitbrains_fast_storage/5T/short,0.801157141975063,0.7778882997694782,0.7923413346034358,0.7958405151486262,0.7846008035619976,0.7955995588645651,0.7922785140047631,0.7852983829929325,0.7848803303164995,0.7853700361833542,0.7903656190117202,0.788685364472423,0.009209390592213427,0.0049411066014745444,0.21259205852074062,3,bitbrains_fast_storage/5T,short,bitbrains_fast_storage
bitbrains_rnd/H/short,5.938957553185088,5.927972075088123,5.951494011446951,5.928128629599297,5.924387280065124,5.929441004593552,5.894065965177305,5.971381887254065,5.944380369365777,5.901672066111386,5.934187909876917,5.928188258500417,0.011109168208642578,0.03161045219701288,0.1011031579656185,3,bitbrains_rnd/H,short,bitbrains_rnd
hierarchical_sales/D/short,0.7472692890849367,0.745316063024308,0.745582990912794,0.7479054070045421,0.7475344748692195,0.7467155727084143,0.7456463937987627,0.7463343242385432,0.7500450165876253,0.7481529868220091,0.74672164497916,0.7473788588310709,0.001186812194932332,0.001749293243917094,-0.08801323174838557,1,hierarchical_sales/D,short,hierarchical_sales
LOOP_SEATTLE/D/short,0.9091461231839716,0.8923000009076647,0.8886041151320082,0.9390528900951616,0.8973177923905817,0.912390338091488,0.9144838982810908,0.922832316721621,0.9066231434457472,0.8794726500701424,0.9052841843418775,0.9071604693220179,0.020405374224042924,0.01653401791763537,-0.2072592245168166,2,LOOP_SEATTLE/D,short,LOOP_SEATTLE
temperature_rain_with_missing/short,1.3552224652006062,1.3455909419315175,1.356739767122372,1.367098298520628,1.361238318680971,1.3616958541003406,1.3641411924533653,1.3563017620030304,1.3656056851455405,1.357367895424186,1.357177958291219,1.3610224778252928,0.007955730475729035,0.004087381077186253,-0.2832730601456613,3,temperature_rain_with_missing,short,temperature_rain_with_missing
jena_weather/H/short,0.5521625967515217,0.5385953268024588,0.548527136593737,0.5589293395900324,0.5457638440904599,0.5445603710580733,0.5506693702396147,0.5603238060112505,0.5524023739231435,0.5449337412299919,0.5487956487656419,0.5505779324924147,0.007538874833015022,0.006449553059394902,-0.324762729220164,3,jena_weather/H,short,jena_weather
hospital/short,0.763388044805982,0.7671196630545161,0.7663035836644324,0.7665786036445019,0.7618424196726533,0.775093467931283,0.762294029324213,0.7637645758533738,0.7680900366895888,0.7703382438734162,0.765046462968417,0.767916070734375,0.002304463621718074,0.00515399060815512,-0.37508934487765466,2,hospital,short,hospital
kdd_cup_2018_with_missing/D/short,1.2022740896606474,1.2011414401054166,1.2061010834573462,1.2194928473290203,1.2224967013613264,1.2174837286070157,1.221073891174185,1.2151055262574253,1.22206819063787,1.2100955692270954,1.2103012323827513,1.2171653811807184,0.009989911345557457,0.0048384031299231346,-0.5671438328170098,1,kdd_cup_2018_with_missing/D,short,kdd_cup_2018_with_missing
saugeenday/M/short,0.7437666369183494,0.7704630574599134,0.7437553521632512,0.7103635857547705,0.7405665283418413,0.7289730032493038,0.7465634705180091,0.7571776955713797,0.7471842268760437,0.7500894189289052,0.7417830321276251,0.7459975630287283,0.02132504442660627,0.010407962173682384,-0.5681622143627201,2,saugeenday/M,short,saugeenday
LOOP_SEATTLE/5T/short,0.5476709610404101,0.5506425257741155,0.5540087584200732,0.5536182084966982,0.5651396069570872,0.563159681329601,0.5575699487457301,0.5484716391457684,0.5491078097364702,0.5693493066871318,0.5542160121376768,0.5575316771289403,0.006620663594604159,0.00900524978104976,-0.5982622152100123,2,LOOP_SEATTLE/5T,short,LOOP_SEATTLE
jena_weather/10T/long,0.6552926049435946,0.7346501419958655,0.6880670698193609,0.7441513641283105,0.711626835713607,0.6725215730967828,0.703682113036336,0.752851197720917,0.678629078157176,0.7492520060744872,0.7067576033201478,0.7113871936171398,0.036048504080261994,0.038065754006802274,-0.6550464084494372,2,jena_weather/10T,long,jena_weather
bizitobs_service/long,3.5799306690024744,3.3378753437471613,4.034565756143241,4.268316844246823,3.517916666011853,3.201750603933473,4.333674179428773,3.924942105255024,3.564707931318876,3.848296525203857,3.7477210558303105,3.774674269028001,0.3880196632321735,0.42214006799674186,-0.7191894166125149,3,bizitobs_service,long,bizitobs_service
solar/H/short,0.913653009243522,0.975103288002396,0.8923970976556879,0.9526041683101916,0.9101716684987669,0.9274611790501696,0.9599055529574808,0.9238733841343336,0.9369451798793846,0.9343625482748994,0.9287858463421129,0.9365095688592536,0.033956771304589566,0.014086501063202651,-0.8315934773941116,2,solar/H,short,solar
ett1/H/medium,1.3536216615262222,1.308340237254435,1.4103129302815776,1.2564049398467023,1.3144948330618704,1.3685993806358958,1.392867356343945,1.3254183344152402,1.3092553692589013,1.3078815262360242,1.3286349203941614,1.3408043933780014,0.05728136881867109,0.038075912147909036,-0.9159380652308683,2,ett1/H,medium,ett1
bizitobs_l2c/5T/short,0.2815816013507474,0.2845391842665478,0.2807811683499445,0.2844862402211479,0.2777906660725153,0.2792095830846315,0.2917273140646365,0.2875198122846871,0.2818181619209735,0.2823292268851938,0.2818357720521806,0.28452081964802445,0.002822813012601953,0.005031008598467587,-0.9526993597344862,2,bizitobs_l2c/5T,short,bizitobs_l2c
jena_weather/H/medium,0.7610071090462912,0.7898113013429043,0.7700843478034002,0.8346390460762256,0.7926499410449405,0.7968270306285968,0.7936573339421323,0.7827494139225101,0.824738508346103,0.7959465676093114,0.7896383490627523,0.7987837708897307,0.028444108355632124,0.015563642813165047,-1.1581785304416152,1,jena_weather/H,medium,jena_weather
ett1/H/long,1.527689327829166,1.3900066205857766,1.5416285005966748,1.3954707490339358,1.459686010279743,1.476664895904,1.478640483340872,1.4760465114691883,1.4741272221008508,1.4970935779190864,1.4628962416650593,1.4805145381467995,0.07117989904868278,0.009406878537098732,-1.2043435467225718,2,ett1/H,long,ett1
ett2/D/short,1.425552743021932,1.2802049435246972,1.4477195272060723,1.4244199517428475,1.3442665777425875,1.3990943965420113,1.4479191249330603,1.3701206547561284,1.4034374884117338,1.387055105132986,1.3844327486476273,1.401525353955184,0.07030612230621039,0.0289723619611506,-1.2346287910520328,3,ett2/D,short,ett2
jena_weather/10T/medium,0.6275284046323337,0.6415982881843381,0.6397324139448338,0.6542308722033285,0.6225223585109868,0.6251303301233211,0.6459256051020833,0.6598144014211591,0.6389575384901771,0.6644087722752923,0.6371224674951642,0.6468473294824065,0.012497515028355836,0.015900280394771715,-1.5263724767822804,2,jena_weather/10T,medium,jena_weather
jena_weather/10T/short,0.3190041176749639,0.2956304661277468,0.2980772428647519,0.3026524422632481,0.3057732586279679,0.3131360532637028,0.3116737501070292,0.3001809697986609,0.3144726654644647,0.3077210722201606,0.3042275055117357,0.30943690217080366,0.00915086417711849,0.005758959887533543,-1.7123358554662276,1,jena_weather/10T,short,jena_weather
electricity/15T/short,1.2699092070702258,1.225184505784804,1.2255809139796885,1.1906348471734702,1.2315637431436517,1.3241103794727545,1.269843918075295,1.240803450883952,1.2523243384480172,1.235775920900358,1.2285746434303682,1.2645716015560753,0.028184057806178553,0.03576581839454845,-2.929977296715007,0,electricity/15T,short,electricity
solar/D/short,1.0201765799033444,1.0233843069126505,1.0192230830109537,1.0125040478549667,1.0428205043379195,1.129011978182007,1.0665826046796645,1.017870603800807,1.0529939378119653,1.0108502185663102,1.023621704403967,1.055461868608151,0.011439725921085385,0.04728287898590984,-3.1105401602170737,2,solar/D,short,solar
bizitobs_l2c/5T/long,1.0768573678677624,1.1726836084967265,1.144668832493332,1.1510097903366363,1.111910634022448,1.0182260128965934,1.2322957943880146,1.252087796806572,1.1889743533529058,1.2048030778262642,1.131426046643381,1.1792774070540701,0.03748223858467942,0.09326768524971987,-4.229296342668663,1,bizitobs_l2c/5T,long,bizitobs_l2c
bizitobs_l2c/5T/medium,0.738663391043859,0.7633126260814723,0.7979112463201613,0.7669946291830483,0.7407099074960591,0.7575810037326577,0.8339853353809131,0.8126811429419866,0.7975864190872852,0.8511424745669526,0.76151836002492,0.810595275141959,0.024046789761023406,0.035969655449356125,-6.444613510754086,0,bizitobs_l2c/5T,medium,bizitobs_l2c
solar/W/short,1.5030808361498156,1.4522563674546642,1.3603237173927227,1.7396534814850977,1.5075767491251464,1.5123448672851725,1.4644960787473795,1.795105853802248,1.6459306654283274,1.6373760870762253,1.5125782303214894,1.6110507104678706,0.14008796240944948,0.12942858654156503,-6.51024047367464,1,solar/W,short,solar
solar/10T/short,1.217061190241464,1.2378731419899405,1.2850609676266296,1.215691918379853,1.430640202904849,1.5216002576866532,1.2304029658459514,1.258091809710777,1.384328356422322,1.4238333603857,1.2772654842285474,1.3636513500102807,0.09021112950087513,0.12030712659044471,-6.763344570757688,3,solar/10T,short,solar
ett2/W/short,1.2415227467085337,1.524614246525848,1.1850206973452515,1.204691060553632,1.1274988592641222,1.2124913955356795,1.4397446904746378,1.1997249541388777,1.8271910771806372,1.354558685392535,1.2566695220794775,1.4067421605444737,0.15535779256552207,0.2555284020494233,-11.942092636786724,2,ett2/W,short,ett2
